,,,,,,,,
,,,,,,,,
,Case Num,QC Verdict,Model A,Model B,,,,
,1174,MATCH,0.380,0.770,,,Model A,Model B
,2515,MATCH,0.440,0.690,,FAR,?,?
,250,MATCH,0.250,0.800,,FRR,?,?
,3923,NOT MATCH,1.000,0.540,,,,
,3924,NOT MATCH,1.020,0.610,,,,
,3925,NOT MATCH,1.030,0.580,,,,
,3926,NOT MATCH,1.060,0.630,,,,
,3927,NOT MATCH,1.060,0.520,,,,
,3928,NOT MATCH,1.090,0.660,,,,
,3929,NOT MATCH,1.090,0.560,,,,
,3930,NOT MATCH,1.100,0.720,,,,
,1543,MATCH,0.410,0.680,,,,
,235,MATCH,0.300,0.730,,,,
,3865,NOT MATCH,0.830,0.660,,,,
,3866,NOT MATCH,0.850,0.720,,,,
,3867,NOT MATCH,0.870,0.700,,,,
,3868,NOT MATCH,0.880,0.720,,,,
,3869,NOT MATCH,0.890,0.640,,,,
,3870,NOT MATCH,0.890,0.590,,,,
,3871,NOT MATCH,0.940,0.520,,,,
,3872,NOT MATCH,0.940,0.630,,,,
,1156,MATCH,0.370,0.710,,,,
,1012,MATCH,0.350,0.620,,,,
,976,MATCH,0.340,0.810,,,,
,2135,NOT MATCH,0.440,0.620,,,,
,116,MATCH,0.260,0.910,,,,
,3326,NOT MATCH,0.740,0.700,,,,
,3327,NOT MATCH,0.750,0.740,,,,
,3328,NOT MATCH,0.760,0.700,,,,
,3329,NOT MATCH,0.790,0.670,,,,
,3330,NOT MATCH,0.800,0.690,,,,
,3331,NOT MATCH,0.800,0.700,,,,
,3332,NOT MATCH,0.800,0.500,,,,
,3333,NOT MATCH,0.810,0.620,,,,
,1696,NOT MATCH,0.420,0.760,,,,
,403,MATCH,0.280,0.810,,,,
,4323,NOT MATCH,0.860,0.740,,,,
,4324,NOT MATCH,0.870,0.720,,,,
,4325,NOT MATCH,0.880,0.570,,,,
,4326,NOT MATCH,0.890,0.570,,,,
,4327,NOT MATCH,0.900,0.630,,,,
,4328,NOT MATCH,0.900,0.610,,,,
,4329,NOT MATCH,0.920,0.510,,,,
,4330,NOT MATCH,0.920,0.670,,,,
,1239,MATCH,0.390,0.870,,,,
,1489,MATCH,0.410,0.770,,,,
,1730,NOT MATCH,0.420,0.790,,,,
,1139,MATCH,0.370,0.720,,,,
,2804,NOT MATCH,0.450,0.830,,,,
,1509,NOT MATCH,0.410,0.820,,,,
,2155,MATCH,0.440,0.820,,,,
,395,MATCH,0.300,0.910,,,,
,4299,NOT MATCH,0.850,0.760,,,,
,4301,NOT MATCH,0.920,0.520,,,,
,4302,NOT MATCH,0.930,0.720,,,,
,4303,NOT MATCH,0.950,0.640,,,,
,4304,NOT MATCH,0.950,0.630,,,,
,4305,NOT MATCH,0.950,0.590,,,,
,4306,NOT MATCH,0.970,0.610,,,,
,2763,NOT MATCH,0.450,0.790,,,,
,2794,NOT MATCH,0.450,0.790,,,,
,1184,NOT MATCH,0.380,0.800,,,,
,1388,NOT MATCH,0.400,0.720,,,,
,3538,NOT MATCH,1.000,0.560,,,,
,3539,NOT MATCH,1.010,0.590,,,,
,3540,NOT MATCH,1.050,0.600,,,,
,3541,NOT MATCH,1.050,0.570,,,,
,3542,NOT MATCH,1.050,0.590,,,,
,3543,NOT MATCH,1.060,0.490,,,,
,3544,NOT MATCH,1.060,0.640,,,,
,3545,NOT MATCH,1.080,0.690,,,,
,956,MATCH,0.340,0.860,,,,
,1258,NOT MATCH,0.390,0.900,,,,
,2480,MATCH,0.440,0.790,,,,
,1977,NOT MATCH,0.430,0.770,,,,
,1433,NOT MATCH,0.410,0.670,,,,
,274,NOT MATCH,0.210,0.880,,,,
,4002,NOT MATCH,0.690,0.760,,,,
,4003,NOT MATCH,0.710,0.770,,,,
,4004,NOT MATCH,0.710,0.770,,,,
,4005,NOT MATCH,0.720,0.740,,,,
,4006,NOT MATCH,0.730,0.680,,,,
,4007,NOT MATCH,0.740,0.660,,,,
,4008,NOT MATCH,0.750,0.610,,,,
,4009,NOT MATCH,0.750,0.680,,,,
,346,MATCH,0.260,0.860,,,,
,995,MATCH,0.340,0.810,,,,
,1277,NOT MATCH,0.390,0.830,,,,
,210,MATCH,0.280,0.830,,,,
,2581,NOT MATCH,0.450,0.790,,,,
,2475,MATCH,0.440,0.840,,,,
,2731,NOT MATCH,0.450,0.720,,,,
,2093,NOT MATCH,0.430,0.790,,,,
,1774,NOT MATCH,0.420,0.820,,,,
,157,MATCH,0.200,0.920,,,,
,3554,NOT MATCH,0.680,0.640,,,,
,3555,NOT MATCH,0.700,0.520,,,,
,3556,NOT MATCH,0.720,0.460,,,,
,3557,NOT MATCH,0.720,0.660,,,,
,3558,NOT MATCH,0.730,0.400,,,,
,3559,NOT MATCH,0.730,0.510,,,,
,3560,NOT MATCH,0.730,0.640,,,,
,3561,NOT MATCH,0.730,0.620,,,,
,1000,MATCH,0.350,0.780,,,,
,1785,NOT MATCH,0.420,0.800,,,,
,2622,NOT MATCH,0.450,0.740,,,,
,2563,NOT MATCH,0.450,0.760,,,,
,2344,NOT MATCH,0.440,0.760,,,,
,2824,NOT MATCH,0.450,0.840,,,,
,104,MATCH,0.250,0.890,,,,
,3269,NOT MATCH,0.610,0.760,,,,
,3270,NOT MATCH,0.660,0.750,,,,
,3271,NOT MATCH,0.680,0.720,,,,
,3272,NOT MATCH,0.680,0.850,,,,
,3273,NOT MATCH,0.690,0.700,,,,
,3274,NOT MATCH,0.690,0.780,,,,
,3275,NOT MATCH,0.700,0.730,,,,
,3276,NOT MATCH,0.710,0.750,,,,
,76,MATCH,0.230,0.790,,,,
,519,MATCH,0.340,0.830,,,,
,520,MATCH,0.530,0.540,,,,
,521,MATCH,0.630,0.690,,,,
,522,NOT MATCH,0.640,0.600,,,,
,3098,NOT MATCH,0.650,0.800,,,,
,3099,NOT MATCH,0.650,0.690,,,,
,3100,NOT MATCH,0.660,0.760,,,,
,3101,NOT MATCH,0.660,0.750,,,,
,2309,NOT MATCH,0.440,0.880,,,,
,2736,NOT MATCH,0.450,0.820,,,,
,2002,NOT MATCH,0.430,0.890,,,,
,1316,MATCH,0.400,0.810,,,,
,2734,NOT MATCH,0.450,0.750,,,,
,1637,NOT MATCH,0.420,0.600,,,,
,2317,NOT MATCH,0.440,0.730,,,,
,1006,MATCH,0.350,0.850,,,,
,878,MATCH,0.320,0.830,,,,
,1101,MATCH,0.360,0.840,,,,
,1533,NOT MATCH,0.410,0.770,,,,
,891,MATCH,0.330,0.850,,,,
,334,MATCH,0.290,0.730,,,,
,1309,MATCH,0.390,0.880,,,,
,2612,NOT MATCH,0.450,0.750,,,,
,2413,NOT MATCH,0.440,0.750,,,,
,1415,MATCH,0.410,0.530,,,,
,2578,NOT MATCH,0.450,0.770,,,,
,1537,MATCH,0.410,0.680,,,,
,1864,NOT MATCH,0.430,0.490,,,,
,1528,NOT MATCH,0.410,0.800,,,,
,1836,NOT MATCH,0.430,0.710,,,,
,960,MATCH,0.340,0.790,,,,
,1479,NOT MATCH,0.410,0.780,,,,
,2126,MATCH,0.440,0.850,,,,
,177,MATCH,0.270,0.890,,,,
,523,NOT MATCH,0.550,0.530,,,,
,524,NOT MATCH,0.560,0.590,,,,
,525,NOT MATCH,0.570,0.680,,,,
,526,MATCH,0.590,0.730,,,,
,527,MATCH,0.590,0.770,,,,
,3655,NOT MATCH,0.600,0.720,,,,
,3656,NOT MATCH,0.610,0.490,,,,
,3657,NOT MATCH,0.620,0.640,,,,
,2225,MATCH,0.440,0.740,,,,
,1326,NOT MATCH,0.400,0.830,,,,
,2605,NOT MATCH,0.450,0.710,,,,
,1493,NOT MATCH,0.410,0.850,,,,
,2441,NOT MATCH,0.440,0.790,,,,
,2813,NOT MATCH,0.450,0.770,,,,
,2048,NOT MATCH,0.430,0.720,,,,
,1607,MATCH,0.420,0.780,,,,
,1305,MATCH,0.390,0.830,,,,
,2812,NOT MATCH,0.450,0.580,,,,
,1832,MATCH,0.430,0.640,,,,
,1266,MATCH,0.390,0.810,,,,
,1916,MATCH,0.430,0.770,,,,
,2817,NOT MATCH,0.450,0.650,,,,
,2809,NOT MATCH,0.450,0.730,,,,
,171,MATCH,0.180,0.810,,,,
,528,NOT MATCH,0.560,0.610,,,,
,529,NOT MATCH,0.570,0.670,,,,
,530,NOT MATCH,0.570,0.760,,,,
,531,NOT MATCH,0.580,0.550,,,,
,532,NOT MATCH,0.590,0.660,,,,
,533,NOT MATCH,0.590,0.650,,,,
,534,NOT MATCH,0.590,0.580,,,,
,535,NOT MATCH,0.590,0.670,,,,
,2265,MATCH,0.440,0.660,,,,
,324,MATCH,0.140,0.840,,,,
,536,NOT MATCH,0.540,0.620,,,,
,537,NOT MATCH,0.610,0.600,,,,
,538,NOT MATCH,0.620,0.410,,,,
,2121,NOT MATCH,0.440,0.810,,,,
,2653,NOT MATCH,0.450,0.800,,,,
,1587,NOT MATCH,0.410,0.780,,,,
,2604,NOT MATCH,0.450,0.770,,,,
,1182,NOT MATCH,0.380,0.730,,,,
,2060,MATCH,0.430,0.850,,,,
,1200,MATCH,0.380,0.900,,,,
,137,NOT MATCH,0.260,0.930,,,,
,3425,NOT MATCH,0.780,0.760,,,,
,3426,NOT MATCH,0.850,0.660,,,,
,3427,NOT MATCH,0.890,0.630,,,,
,3428,NOT MATCH,0.900,0.720,,,,
,3429,NOT MATCH,0.900,0.690,,,,
,3430,NOT MATCH,0.930,0.530,,,,
,3431,NOT MATCH,0.930,0.770,,,,
,3432,NOT MATCH,0.940,0.530,,,,
,2385,MATCH,0.440,0.850,,,,
,1330,MATCH,0.400,0.790,,,,
,1720,NOT MATCH,0.420,0.680,,,,
,2239,NOT MATCH,0.440,0.630,,,,
,1826,NOT MATCH,0.430,0.820,,,,
,2068,NOT MATCH,0.430,0.840,,,,
,1698,MATCH,0.420,0.730,,,,
,1400,MATCH,0.400,0.760,,,,
,1763,NOT MATCH,0.420,0.850,,,,
,2173,NOT MATCH,0.440,0.820,,,,
,851,MATCH,0.320,0.820,,,,
,2403,MATCH,0.440,0.800,,,,
,126,MATCH,0.290,0.790,,,,
,3377,NOT MATCH,0.900,0.610,,,,
,3378,NOT MATCH,1.020,0.370,,,,
,3379,NOT MATCH,1.030,0.660,,,,
,3380,NOT MATCH,1.030,0.550,,,,
,3381,NOT MATCH,1.040,0.530,,,,
,3382,NOT MATCH,1.050,0.580,,,,
,3383,NOT MATCH,1.060,0.650,,,,
,3384,NOT MATCH,1.060,0.460,,,,
,219,MATCH,0.260,0.800,,,,
,1852,NOT MATCH,0.430,0.730,,,,
,2678,NOT MATCH,0.450,0.760,,,,
,1951,NOT MATCH,0.430,0.800,,,,
,1322,MATCH,0.400,0.860,,,,
,1118,MATCH,0.370,0.800,,,,
,1536,MATCH,0.410,0.720,,,,
,2830,NOT MATCH,0.450,0.720,,,,
,1655,MATCH,0.420,0.840,,,,
,1063,MATCH,0.360,0.710,,,,
,2446,NOT MATCH,0.440,0.830,,,,
,101,MATCH,0.180,0.920,,,,
,3253,NOT MATCH,0.620,0.860,,,,
,3254,NOT MATCH,0.630,0.690,,,,
,3255,NOT MATCH,0.660,0.780,,,,
,3256,NOT MATCH,0.660,0.520,,,,
,3257,NOT MATCH,0.660,0.640,,,,
,3258,NOT MATCH,0.670,0.660,,,,
,3259,NOT MATCH,0.680,0.760,,,,
,3260,NOT MATCH,0.690,0.700,,,,
,1898,NOT MATCH,0.430,0.720,,,,
,2360,NOT MATCH,0.440,0.550,,,,
,2532,NOT MATCH,0.440,0.710,,,,
,2022,NOT MATCH,0.430,0.870,,,,
,1670,NOT MATCH,0.420,0.720,,,,
,1703,NOT MATCH,0.420,0.620,,,,
,1319,MATCH,0.400,0.780,,,,
,1318,MATCH,0.400,0.810,,,,
,1197,MATCH,0.380,0.860,,,,
,1031,MATCH,0.350,0.900,,,,
,1153,NOT MATCH,0.370,0.690,,,,
,871,MATCH,0.320,0.840,,,,
,1894,MATCH,0.430,0.790,,,,
,1380,NOT MATCH,0.400,0.690,,,,
,2629,NOT MATCH,0.450,0.700,,,,
,2119,NOT MATCH,0.430,0.710,,,,
,2715,NOT MATCH,0.450,0.780,,,,
,2544,NOT MATCH,0.440,0.690,,,,
,2459,MATCH,0.440,0.860,,,,
,481,MATCH,0.250,0.910,,,,
,2100,NOT MATCH,0.430,0.550,,,,
,423,MATCH,0.240,0.880,,,,
,4344,NOT MATCH,0.680,0.650,,,,
,4345,NOT MATCH,0.700,0.760,,,,
,4346,NOT MATCH,0.710,0.470,,,,
,4347,NOT MATCH,0.730,0.650,,,,
,4348,NOT MATCH,0.740,0.710,,,,
,4349,NOT MATCH,0.750,0.470,,,,
,4350,NOT MATCH,0.750,0.490,,,,
,4351,NOT MATCH,0.750,0.610,,,,
,819,MATCH,0.300,0.860,,,,
,1846,NOT MATCH,0.430,0.830,,,,
,2500,NOT MATCH,0.440,0.780,,,,
,2417,NOT MATCH,0.440,0.810,,,,
,124,MATCH,0.200,0.860,,,,
,2359,NOT MATCH,0.440,0.630,,,,
,1422,NOT MATCH,0.410,0.820,,,,
,1855,NOT MATCH,0.430,0.750,,,,
,1635,MATCH,0.420,0.760,,,,
,2367,NOT MATCH,0.440,0.680,,,,
,2464,NOT MATCH,0.440,0.840,,,,
,2686,NOT MATCH,0.450,0.790,,,,
,1384,NOT MATCH,0.400,0.780,,,,
,1168,MATCH,0.370,0.860,,,,
,1942,NOT MATCH,0.430,0.730,,,,
,2340,NOT MATCH,0.440,0.770,,,,
,2851,NOT MATCH,0.450,0.780,,,,
,2254,NOT MATCH,0.440,0.760,,,,
,234,NOT MATCH,0.270,0.950,,,,
,3857,NOT MATCH,0.760,0.720,,,,
,3858,NOT MATCH,0.780,0.720,,,,
,3859,NOT MATCH,0.790,0.730,,,,
,3860,NOT MATCH,0.810,0.460,,,,
,3861,NOT MATCH,0.820,0.660,,,,
,3862,NOT MATCH,0.820,0.650,,,,
,3863,NOT MATCH,0.820,0.680,,,,
,3864,NOT MATCH,0.820,0.710,,,,
,1328,MATCH,0.400,0.870,,,,
,2676,NOT MATCH,0.450,0.770,,,,
,1424,MATCH,0.410,0.770,,,,
,2214,NOT MATCH,0.440,0.740,,,,
,539,NOT MATCH,0.570,0.750,,,,
,540,NOT MATCH,0.580,0.620,,,,
,541,NOT MATCH,0.580,0.750,,,,
,542,NOT MATCH,0.590,0.740,,,,
,543,NOT MATCH,0.620,0.590,,,,
,544,NOT MATCH,0.620,0.720,,,,
,2136,NOT MATCH,0.440,0.730,,,,
,2641,NOT MATCH,0.450,0.730,,,,
,82,MATCH,0.160,0.930,,,,
,3130,NOT MATCH,0.780,0.550,,,,
,3131,NOT MATCH,0.820,0.520,,,,
,3132,NOT MATCH,0.860,0.590,,,,
,3133,NOT MATCH,0.860,0.530,,,,
,3134,NOT MATCH,0.860,0.610,,,,
,3135,NOT MATCH,0.870,0.730,,,,
,3136,NOT MATCH,0.870,0.680,,,,
,3137,NOT MATCH,0.870,0.610,,,,
,2291,NOT MATCH,0.440,0.790,,,,
,1346,MATCH,0.400,0.900,,,,
,2451,MATCH,0.440,0.660,,,,
,159,NOT MATCH,0.270,0.950,,,,
,545,NOT MATCH,0.590,0.600,,,,
,546,NOT MATCH,0.650,0.770,,,,
,547,NOT MATCH,0.660,0.760,,,,
,2351,NOT MATCH,0.440,0.630,,,,
,277,MATCH,0.270,0.890,,,,
,4018,NOT MATCH,0.690,0.820,,,,
,4019,NOT MATCH,0.700,0.640,,,,
,4020,NOT MATCH,0.700,0.710,,,,
,4021,NOT MATCH,0.710,0.830,,,,
,4022,NOT MATCH,0.710,0.750,,,,
,4023,NOT MATCH,0.720,0.660,,,,
,4024,NOT MATCH,0.730,0.830,,,,
,4025,NOT MATCH,0.730,0.780,,,,
,2294,NOT MATCH,0.440,0.760,,,,
,2690,NOT MATCH,0.450,0.840,,,,
,2893,NOT MATCH,0.900,0.560,,,,
,2894,NOT MATCH,0.940,0.440,,,,
,2895,NOT MATCH,0.950,0.580,,,,
,2896,NOT MATCH,0.970,0.460,,,,
,2897,NOT MATCH,0.980,0.630,,,,
,2898,NOT MATCH,0.990,0.440,,,,
,2899,NOT MATCH,0.990,0.560,,,,
,2900,NOT MATCH,0.990,0.620,,,,
,1546,NOT MATCH,0.410,0.740,,,,
,2876,NOT MATCH,0.450,0.770,,,,
,1657,NOT MATCH,0.420,0.860,,,,
,2064,NOT MATCH,0.430,0.780,,,,
,1616,MATCH,0.420,0.730,,,,
,886,MATCH,0.320,0.860,,,,
,932,MATCH,0.330,0.830,,,,
,1299,MATCH,0.390,0.840,,,,
,111,MATCH,0.270,0.840,,,,
,1119,MATCH,0.370,0.870,,,,
,2147,NOT MATCH,0.440,0.710,,,,
,2006,NOT MATCH,0.430,0.680,,,,
,953,MATCH,0.340,0.780,,,,
,2203,NOT MATCH,0.440,0.810,,,,
,1128,NOT MATCH,0.370,0.790,,,,
,461,NOT MATCH,0.200,0.860,,,,
,4384,NOT MATCH,0.980,0.640,,,,
,4385,NOT MATCH,0.990,0.550,,,,
,4386,NOT MATCH,1.050,0.590,,,,
,4387,NOT MATCH,1.060,0.610,,,,
,4388,NOT MATCH,1.070,0.430,,,,
,4389,NOT MATCH,1.070,0.480,,,,
,4390,NOT MATCH,1.080,0.460,,,,
,4391,NOT MATCH,1.080,0.660,,,,
,1676,MATCH,0.420,0.690,,,,
,1176,NOT MATCH,0.380,0.790,,,,
,1347,NOT MATCH,0.400,0.790,,,,
,1842,NOT MATCH,0.430,0.730,,,,
,2195,NOT MATCH,0.440,0.720,,,,
,1491,MATCH,0.410,0.800,,,,
,970,MATCH,0.340,0.790,,,,
,2603,NOT MATCH,0.450,0.680,,,,
,834,MATCH,0.310,0.680,,,,
,2444,NOT MATCH,0.440,0.590,,,,
,548,NOT MATCH,0.530,0.670,,,,
,549,NOT MATCH,0.680,0.770,,,,
,550,NOT MATCH,0.700,0.710,,,,
,3601,NOT MATCH,0.710,0.620,,,,
,3602,NOT MATCH,0.730,0.660,,,,
,3603,NOT MATCH,0.740,0.720,,,,
,3604,NOT MATCH,0.740,0.590,,,,
,3605,NOT MATCH,0.740,0.720,,,,
,1160,MATCH,0.370,0.850,,,,
,1629,NOT MATCH,0.420,0.740,,,,
,1298,MATCH,0.390,0.680,,,,
,551,NOT MATCH,0.590,0.570,,,,
,552,NOT MATCH,0.680,0.360,,,,
,553,NOT MATCH,0.700,0.640,,,,
,2364,NOT MATCH,0.440,0.830,,,,
,874,MATCH,0.320,0.800,,,,
,260,MATCH,0.250,0.880,,,,
,554,NOT MATCH,0.570,0.850,,,,
,555,NOT MATCH,0.600,0.780,,,,
,556,NOT MATCH,0.640,0.710,,,,
,3965,NOT MATCH,0.650,0.820,,,,
,3966,NOT MATCH,0.650,0.720,,,,
,3967,NOT MATCH,0.670,0.730,,,,
,3968,NOT MATCH,0.670,0.740,,,,
,3969,NOT MATCH,0.670,0.780,,,,
,2258,NOT MATCH,0.440,0.700,,,,
,2176,MATCH,0.440,0.770,,,,
,946,MATCH,0.330,0.800,,,,
,1590,MATCH,0.420,0.780,,,,
,2791,MATCH,0.450,0.830,,,,
,883,MATCH,0.320,0.830,,,,
,1710,NOT MATCH,0.420,0.810,,,,
,1819,MATCH,0.430,0.730,,,,
,2665,NOT MATCH,0.450,0.800,,,,
,2673,NOT MATCH,0.450,0.800,,,,
,2474,NOT MATCH,0.440,0.600,,,,
,1217,MATCH,0.380,0.840,,,,
,1553,NOT MATCH,0.410,0.650,,,,
,2354,NOT MATCH,0.440,0.680,,,,
,896,MATCH,0.330,0.870,,,,
,1163,MATCH,0.370,0.860,,,,
,1149,MATCH,0.370,0.860,,,,
,2412,NOT MATCH,0.440,0.790,,,,
,2284,NOT MATCH,0.440,0.800,,,,
,2638,NOT MATCH,0.450,0.640,,,,
,2144,NOT MATCH,0.440,0.520,,,,
,2397,NOT MATCH,0.440,0.810,,,,
,1075,MATCH,0.360,0.710,,,,
,2153,NOT MATCH,0.440,0.810,,,,
,262,MATCH,0.200,0.920,,,,
,2954,NOT MATCH,0.630,0.780,,,,
,2955,NOT MATCH,0.640,0.790,,,,
,2956,NOT MATCH,0.640,0.760,,,,
,2957,NOT MATCH,0.650,0.850,,,,
,2958,NOT MATCH,0.650,0.830,,,,
,2959,NOT MATCH,0.650,0.730,,,,
,2960,NOT MATCH,0.660,0.680,,,,
,2961,NOT MATCH,0.660,0.780,,,,
,1571,NOT MATCH,0.410,0.790,,,,
,2373,NOT MATCH,0.440,0.820,,,,
,2696,NOT MATCH,0.450,0.720,,,,
,2209,NOT MATCH,0.440,0.720,,,,
,2807,NOT MATCH,0.450,0.710,,,,
,3841,NOT MATCH,0.720,0.540,,,,
,3842,NOT MATCH,0.730,0.530,,,,
,3843,NOT MATCH,0.730,0.570,,,,
,3844,NOT MATCH,0.740,0.650,,,,
,3845,NOT MATCH,0.750,0.700,,,,
,3846,NOT MATCH,0.760,0.570,,,,
,3847,NOT MATCH,0.770,0.610,,,,
,3848,NOT MATCH,0.770,0.620,,,,
,2864,NOT MATCH,0.450,0.450,,,,
,2745,NOT MATCH,0.450,0.750,,,,
,557,NOT MATCH,0.560,0.770,,,,
,558,NOT MATCH,0.610,0.690,,,,
,559,NOT MATCH,0.650,0.700,,,,
,2296,NOT MATCH,0.440,0.840,,,,
,1296,MATCH,0.390,0.830,,,,
,1109,MATCH,0.370,0.860,,,,
,2642,NOT MATCH,0.450,0.520,,,,
,2860,NOT MATCH,0.450,0.790,,,,
,467,MATCH,0.240,0.860,,,,
,1248,MATCH,0.390,0.740,,,,
,985,MATCH,0.340,0.770,,,,
,292,MATCH,0.240,0.910,,,,
,560,NOT MATCH,0.580,0.710,,,,
,561,NOT MATCH,0.590,0.740,,,,
,562,NOT MATCH,0.610,0.700,,,,
,2607,NOT MATCH,0.450,0.760,,,,
,973,MATCH,0.340,0.740,,,,
,2570,NOT MATCH,0.450,0.560,,,,
,1408,MATCH,0.400,0.790,,,,
,2014,NOT MATCH,0.430,0.670,,,,
,1985,NOT MATCH,0.430,0.870,,,,
,2057,MATCH,0.430,0.840,,,,
,1507,NOT MATCH,0.410,0.690,,,,
,413,MATCH,0.260,0.810,,,,
,136,MATCH,0.300,0.730,,,,
,3417,NOT MATCH,0.770,0.590,,,,
,3418,NOT MATCH,0.810,0.740,,,,
,3419,NOT MATCH,0.840,0.720,,,,
,3420,NOT MATCH,0.840,0.750,,,,
,3421,NOT MATCH,0.850,0.630,,,,
,3422,NOT MATCH,0.850,0.540,,,,
,3423,NOT MATCH,0.860,0.590,,,,
,3424,NOT MATCH,0.860,0.700,,,,
,1482,MATCH,0.410,0.700,,,,
,2188,NOT MATCH,0.440,0.660,,,,
,2799,NOT MATCH,0.450,0.820,,,,
,844,MATCH,0.310,0.640,,,,
,2160,NOT MATCH,0.440,0.590,,,,
,1815,MATCH,0.430,0.810,,,,
,2017,NOT MATCH,0.430,0.770,,,,
,2295,NOT MATCH,0.440,0.740,,,,
,1474,NOT MATCH,0.410,0.640,,,,
,1693,NOT MATCH,0.420,0.840,,,,
,1803,NOT MATCH,0.430,0.680,,,,
,994,NOT MATCH,0.340,0.860,,,,
,2033,NOT MATCH,0.430,0.950,,,,
,2491,NOT MATCH,0.440,0.830,,,,
,1034,MATCH,0.350,0.760,,,,
,2486,MATCH,0.440,0.780,,,,
,246,MATCH,0.260,0.890,,,,
,563,NOT MATCH,0.540,0.680,,,,
,564,NOT MATCH,0.620,0.510,,,,
,565,NOT MATCH,0.640,0.710,,,,
,3910,NOT MATCH,0.640,0.630,,,,
,3911,NOT MATCH,0.640,0.610,,,,
,3912,NOT MATCH,0.640,0.600,,,,
,3913,NOT MATCH,0.640,0.820,,,,
,3914,NOT MATCH,0.650,0.540,,,,
,1778,NOT MATCH,0.420,0.690,,,,
,2232,NOT MATCH,0.440,0.690,,,,
,1604,MATCH,0.420,0.820,,,,
,2595,NOT MATCH,0.450,0.700,,,,
,1954,MATCH,0.430,0.760,,,,
,2221,NOT MATCH,0.440,0.630,,,,
,414,MATCH,0.220,0.910,,,,
,1623,NOT MATCH,0.420,0.810,,,,
,2625,MATCH,0.450,0.730,,,,
,2762,NOT MATCH,0.450,0.630,,,,
,1169,NOT MATCH,0.370,0.810,,,,
,135,NOT MATCH,0.270,0.740,,,,
,2292,NOT MATCH,0.440,0.760,,,,
,491,MATCH,0.210,0.850,,,,
,2720,NOT MATCH,0.450,0.730,,,,
,1195,MATCH,0.380,0.890,,,,
,419,MATCH,0.290,0.820,,,,
,1356,NOT MATCH,0.400,0.660,,,,
,2256,NOT MATCH,0.440,0.670,,,,
,2844,NOT MATCH,0.450,0.830,,,,
,1796,NOT MATCH,0.430,0.640,,,,
,2026,MATCH,0.430,0.750,,,,
,1772,MATCH,0.420,0.790,,,,
,1707,MATCH,0.420,0.870,,,,
,1469,NOT MATCH,0.410,0.800,,,,
,845,MATCH,0.310,0.870,,,,
,1923,NOT MATCH,0.430,0.750,,,,
,984,NOT MATCH,0.340,0.870,,,,
,2316,NOT MATCH,0.440,0.790,,,,
,1930,NOT MATCH,0.430,0.760,,,,
,1232,NOT MATCH,0.390,0.830,,,,
,2270,NOT MATCH,0.440,0.650,,,,
,1082,MATCH,0.360,0.750,,,,
,1463,NOT MATCH,0.410,0.730,,,,
,2274,NOT MATCH,0.440,0.630,,,,
,376,MATCH,0.230,0.880,,,,
,436,MATCH,0.200,0.890,,,,
,2069,NOT MATCH,0.430,0.820,,,,
,1845,NOT MATCH,0.430,0.860,,,,
,2087,NOT MATCH,0.430,0.680,,,,
,1020,MATCH,0.350,0.880,,,,
,1834,MATCH,0.430,0.820,,,,
,2029,NOT MATCH,0.430,0.690,,,,
,2885,NOT MATCH,0.650,0.720,,,,
,2886,NOT MATCH,0.700,0.760,,,,
,2887,NOT MATCH,0.700,0.740,,,,
,2888,NOT MATCH,0.710,0.660,,,,
,2889,NOT MATCH,0.710,0.820,,,,
,2890,NOT MATCH,0.720,0.730,,,,
,2891,NOT MATCH,0.720,0.770,,,,
,2892,NOT MATCH,0.730,0.780,,,,
,489,MATCH,0.170,0.830,,,,
,4405,NOT MATCH,0.700,0.640,,,,
,4406,MATCH,0.740,0.590,,,,
,4407,NOT MATCH,0.780,0.580,,,,
,4408,NOT MATCH,0.820,0.690,,,,
,4409,NOT MATCH,0.830,0.550,,,,
,4410,NOT MATCH,0.830,0.700,,,,
,4411,NOT MATCH,0.840,0.460,,,,
,4412,NOT MATCH,0.850,0.360,,,,
,241,MATCH,0.240,0.830,,,,
,1026,MATCH,0.350,0.830,,,,
,939,NOT MATCH,0.330,0.760,,,,
,168,MATCH,0.270,0.910,,,,
,566,NOT MATCH,0.560,0.650,,,,
,567,NOT MATCH,0.570,0.580,,,,
,568,NOT MATCH,0.600,0.750,,,,
,569,NOT MATCH,0.630,0.760,,,,
,4084,NOT MATCH,0.640,0.600,,,,
,4085,NOT MATCH,0.650,0.570,,,,
,4086,NOT MATCH,0.670,0.630,,,,
,4087,NOT MATCH,0.690,0.360,,,,
,4088,NOT MATCH,0.690,0.670,,,,
,4089,NOT MATCH,0.690,0.550,,,,
,4090,NOT MATCH,0.700,0.570,,,,
,4091,NOT MATCH,0.700,0.590,,,,
,1968,NOT MATCH,0.430,0.860,,,,
,1343,MATCH,0.400,0.780,,,,
,1098,MATCH,0.360,0.790,,,,
,1695,NOT MATCH,0.420,0.870,,,,
,505,MATCH,0.270,0.900,,,,
,1023,MATCH,0.350,0.830,,,,
,2774,NOT MATCH,0.450,0.820,,,,
,1091,MATCH,0.360,0.640,,,,
,2077,NOT MATCH,0.430,0.690,,,,
,433,MATCH,0.270,0.780,,,,
,2656,NOT MATCH,0.450,0.760,,,,
,1254,MATCH,0.390,0.800,,,,
,2847,MATCH,0.450,0.810,,,,
,328,MATCH,0.210,0.940,,,,
,4177,NOT MATCH,0.790,0.560,,,,
,4178,NOT MATCH,0.990,0.670,,,,
,4179,NOT MATCH,1.010,0.460,,,,
,4180,NOT MATCH,1.020,0.620,,,,
,4181,NOT MATCH,1.020,0.400,,,,
,4182,NOT MATCH,1.020,0.590,,,,
,4183,NOT MATCH,1.030,0.460,,,,
,4184,NOT MATCH,1.040,0.510,,,,
,2252,MATCH,0.440,0.720,,,,
,1594,NOT MATCH,0.420,0.660,,,,
,903,NOT MATCH,0.330,0.920,,,,
,1086,MATCH,0.360,0.760,,,,
,1234,MATCH,0.390,0.730,,,,
,296,MATCH,0.250,0.850,,,,
,4058,NOT MATCH,0.810,0.660,,,,
,4059,NOT MATCH,0.820,0.690,,,,
,4060,NOT MATCH,0.830,0.770,,,,
,4061,NOT MATCH,0.840,0.720,,,,
,4062,NOT MATCH,0.850,0.700,,,,
,4063,NOT MATCH,0.850,0.720,,,,
,4064,NOT MATCH,0.860,0.650,,,,
,4065,NOT MATCH,0.860,0.630,,,,
,1459,NOT MATCH,0.410,0.650,,,,
,370,MATCH,0.280,0.900,,,,
,2178,NOT MATCH,0.440,0.780,,,,
,1911,MATCH,0.430,0.800,,,,
,1270,MATCH,0.390,0.840,,,,
,1447,NOT MATCH,0.410,0.890,,,,
,121,MATCH,0.220,0.890,,,,
,3350,NOT MATCH,0.640,0.730,,,,
,3351,NOT MATCH,0.720,0.610,,,,
,3352,NOT MATCH,0.740,0.690,,,,
,3353,NOT MATCH,0.760,0.270,,,,
,3354,NOT MATCH,0.760,0.720,,,,
,3355,NOT MATCH,0.760,0.620,,,,
,3356,NOT MATCH,0.770,0.790,,,,
,3357,NOT MATCH,0.770,0.610,,,,
,367,MATCH,0.290,0.870,,,,
,847,MATCH,0.310,0.880,,,,
,1956,MATCH,0.430,0.820,,,,
,1488,NOT MATCH,0.410,0.850,,,,
,1338,MATCH,0.400,0.860,,,,
,421,MATCH,0.250,0.770,,,,
,268,MATCH,0.240,0.820,,,,
,3986,NOT MATCH,0.600,0.730,,,,
,3987,NOT MATCH,0.610,0.790,,,,
,3988,NOT MATCH,0.620,0.660,,,,
,3989,NOT MATCH,0.630,0.530,,,,
,3990,NOT MATCH,0.640,0.820,,,,
,3991,NOT MATCH,0.640,0.730,,,,
,3992,NOT MATCH,0.640,0.650,,,,
,3993,NOT MATCH,0.640,0.860,,,,
,2783,NOT MATCH,0.450,0.670,,,,
,1476,MATCH,0.410,0.890,,,,
,1997,MATCH,0.430,0.750,,,,
,1188,MATCH,0.380,0.720,,,,
,483,MATCH,0.210,0.780,,,,
,393,MATCH,0.230,0.840,,,,
,1027,NOT MATCH,0.350,0.740,,,,
,1908,NOT MATCH,0.430,0.700,,,,
,2268,NOT MATCH,0.440,0.750,,,,
,842,MATCH,0.310,0.750,,,,
,1641,NOT MATCH,0.420,0.720,,,,
,1206,NOT MATCH,0.380,0.690,,,,
,909,MATCH,0.330,0.850,,,,
,199,MATCH,0.250,0.870,,,,
,3730,NOT MATCH,0.650,0.730,,,,
,3731,NOT MATCH,0.690,0.630,,,,
,3732,NOT MATCH,0.720,0.660,,,,
,3733,NOT MATCH,0.720,0.700,,,,
,3734,NOT MATCH,0.740,0.660,,,,
,3735,NOT MATCH,0.740,0.710,,,,
,3736,NOT MATCH,0.740,0.740,,,,
,3737,NOT MATCH,0.740,0.630,,,,
,2567,NOT MATCH,0.450,0.760,,,,
,174,MATCH,0.230,0.840,,,,
,3639,NOT MATCH,0.640,0.630,,,,
,3640,NOT MATCH,0.650,0.580,,,,
,3641,NOT MATCH,0.650,0.660,,,,
,3642,NOT MATCH,0.690,0.660,,,,
,3643,NOT MATCH,0.700,0.550,,,,
,3644,NOT MATCH,0.700,0.550,,,,
,3645,NOT MATCH,0.720,0.580,,,,
,3646,NOT MATCH,0.720,0.460,,,,
,1560,MATCH,0.410,0.760,,,,
,1807,NOT MATCH,0.430,0.690,,,,
,926,MATCH,0.330,0.820,,,,
,893,NOT MATCH,0.330,0.880,,,,
,61,MATCH,0.290,0.830,,,,
,3010,NOT MATCH,0.600,0.670,,,,
,3011,NOT MATCH,0.600,0.720,,,,
,3012,NOT MATCH,0.640,0.560,,,,
,3013,NOT MATCH,0.640,0.620,,,,
,3014,NOT MATCH,0.640,0.680,,,,
,3015,NOT MATCH,0.650,0.770,,,,
,3016,NOT MATCH,0.650,0.800,,,,
,3017,NOT MATCH,0.650,0.650,,,,
,1987,NOT MATCH,0.430,0.790,,,,
,1900,NOT MATCH,0.430,0.790,,,,
,2227,NOT MATCH,0.440,0.850,,,,
,218,MATCH,0.240,0.930,,,,
,1530,NOT MATCH,0.410,0.800,,,,
,901,NOT MATCH,0.330,0.820,,,,
,1290,NOT MATCH,0.390,0.800,,,,
,1622,MATCH,0.420,0.690,,,,
,3944,NOT MATCH,0.780,0.480,,,,
,3945,NOT MATCH,0.800,0.680,,,,
,3946,NOT MATCH,0.810,0.570,,,,
,3947,NOT MATCH,0.820,0.500,,,,
,3948,NOT MATCH,0.820,0.670,,,,
,3949,NOT MATCH,0.830,0.630,,,,
,3950,NOT MATCH,0.840,0.570,,,,
,3951,NOT MATCH,0.840,0.600,,,,
,142,MATCH,0.270,0.880,,,,
,3457,NOT MATCH,0.650,0.790,,,,
,3458,NOT MATCH,0.670,0.760,,,,
,3459,NOT MATCH,0.680,0.790,,,,
,3460,NOT MATCH,0.690,0.820,,,,
,3461,NOT MATCH,0.690,0.790,,,,
,3462,NOT MATCH,0.710,0.620,,,,
,3463,NOT MATCH,0.710,0.780,,,,
,3464,NOT MATCH,0.720,0.670,,,,
,1976,NOT MATCH,0.430,0.610,,,,
,1704,NOT MATCH,0.420,0.790,,,,
,2378,NOT MATCH,0.440,0.780,,,,
,2243,NOT MATCH,0.440,0.580,,,,
,379,MATCH,0.180,0.690,,,,
,570,NOT MATCH,0.500,0.470,,,,
,571,NOT MATCH,0.530,0.590,,,,
,572,NOT MATCH,0.560,0.580,,,,
,573,NOT MATCH,0.600,0.570,,,,
,574,NOT MATCH,0.620,0.570,,,,
,575,NOT MATCH,0.620,0.700,,,,
,2753,NOT MATCH,0.450,0.750,,,,
,2633,NOT MATCH,0.450,0.800,,,,
,1741,NOT MATCH,0.420,0.780,,,,
,276,MATCH,0.290,0.820,,,,
,4010,NOT MATCH,0.850,0.770,,,,
,4011,NOT MATCH,0.850,0.600,,,,
,4012,NOT MATCH,0.860,0.690,,,,
,4013,NOT MATCH,0.870,0.590,,,,
,4014,NOT MATCH,0.890,0.640,,,,
,4015,NOT MATCH,0.900,0.680,,,,
,4016,NOT MATCH,0.910,0.630,,,,
,4017,NOT MATCH,0.910,0.490,,,,
,1227,MATCH,0.380,0.550,,,,
,1740,MATCH,0.420,0.780,,,,
,1937,NOT MATCH,0.430,0.710,,,,
,863,MATCH,0.320,0.810,,,,
,2591,NOT MATCH,0.450,0.570,,,,
,1022,MATCH,0.350,0.820,,,,
,2055,NOT MATCH,0.430,0.830,,,,
,2200,NOT MATCH,0.440,0.720,,,,
,1279,MATCH,0.390,0.640,,,,
,1531,MATCH,0.410,0.780,,,,
,2721,NOT MATCH,0.450,0.660,,,,
,2467,NOT MATCH,0.440,0.800,,,,
,2231,NOT MATCH,0.440,0.780,,,,
,1229,MATCH,0.390,0.810,,,,
,2463,NOT MATCH,0.440,0.760,,,,
,1729,NOT MATCH,0.420,0.740,,,,
,2410,NOT MATCH,0.440,0.720,,,,
,1718,NOT MATCH,0.420,0.830,,,,
,2150,NOT MATCH,0.440,0.730,,,,
,1769,NOT MATCH,0.420,0.830,,,,
,1382,MATCH,0.400,0.790,,,,
,2129,NOT MATCH,0.440,0.830,,,,
,1766,NOT MATCH,0.420,0.800,,,,
,1455,NOT MATCH,0.410,0.880,,,,
,1960,NOT MATCH,0.430,0.750,,,,
,1651,NOT MATCH,0.420,0.690,,,,
,2005,NOT MATCH,0.430,0.800,,,,
,511,NOT MATCH,0.290,0.830,,,,
,979,MATCH,0.340,0.800,,,,
,1151,MATCH,0.370,0.840,,,,
,2636,NOT MATCH,0.450,0.740,,,,
,1089,MATCH,0.360,0.770,,,,
,2418,MATCH,0.440,0.630,,,,
,313,MATCH,0.180,0.900,,,,
,919,NOT MATCH,0.330,0.870,,,,
,912,NOT MATCH,0.330,0.850,,,,
,1667,NOT MATCH,0.420,0.710,,,,
,2111,NOT MATCH,0.430,0.870,,,,
,2423,NOT MATCH,0.440,0.710,,,,
,2841,NOT MATCH,0.450,0.570,,,,
,2389,NOT MATCH,0.440,0.710,,,,
,2879,NOT MATCH,0.450,0.810,,,,
,1548,NOT MATCH,0.410,0.860,,,,
,445,MATCH,0.270,0.820,,,,
,576,NOT MATCH,0.550,0.680,,,,
,577,NOT MATCH,0.620,0.690,,,,
,578,NOT MATCH,0.630,0.790,,,,
,3441,NOT MATCH,0.690,0.810,,,,
,3442,NOT MATCH,0.700,0.610,,,,
,3443,NOT MATCH,0.710,0.640,,,,
,3444,NOT MATCH,0.710,0.730,,,,
,3445,NOT MATCH,0.710,0.610,,,,
,3446,NOT MATCH,0.710,0.640,,,,
,3447,NOT MATCH,0.710,0.720,,,,
,3448,NOT MATCH,0.710,0.520,,,,
,3833,NOT MATCH,0.810,0.670,,,,
,3834,NOT MATCH,0.840,0.500,,,,
,3835,NOT MATCH,0.850,0.550,,,,
,3836,NOT MATCH,0.850,0.690,,,,
,3837,NOT MATCH,0.850,0.730,,,,
,3838,NOT MATCH,0.880,0.590,,,,
,3839,NOT MATCH,0.880,0.520,,,,
,3840,NOT MATCH,0.880,0.590,,,,
,1055,NOT MATCH,0.350,0.660,,,,
,2711,NOT MATCH,0.450,0.680,,,,
,839,MATCH,0.310,0.900,,,,
,2773,NOT MATCH,0.450,0.650,,,,
,1673,NOT MATCH,0.420,0.800,,,,
,1362,NOT MATCH,0.400,0.760,,,,
,1111,MATCH,0.370,0.900,,,,
,1905,NOT MATCH,0.430,0.810,,,,
,1093,NOT MATCH,0.360,0.790,,,,
,1426,MATCH,0.410,0.780,,,,
,133,MATCH,0.250,0.800,,,,
,3409,MATCH,0.870,0.590,,,,
,3410,NOT MATCH,0.880,0.460,,,,
,3411,NOT MATCH,0.880,0.600,,,,
,3412,NOT MATCH,0.890,0.410,,,,
,3413,NOT MATCH,0.900,0.570,,,,
,3414,NOT MATCH,0.900,0.640,,,,
,3415,NOT MATCH,0.900,0.580,,,,
,3416,NOT MATCH,0.900,0.570,,,,
,314,MATCH,0.270,0.750,,,,
,4132,NOT MATCH,0.610,0.720,,,,
,4133,NOT MATCH,0.630,0.710,,,,
,4134,NOT MATCH,0.630,0.560,,,,
,4135,NOT MATCH,0.640,0.550,,,,
,4136,NOT MATCH,0.650,0.640,,,,
,4137,NOT MATCH,0.650,0.610,,,,
,4138,NOT MATCH,0.660,0.600,,,,
,4139,NOT MATCH,0.660,0.490,,,,
,2881,NOT MATCH,0.450,0.650,,,,
,2052,NOT MATCH,0.430,0.600,,,,
,2074,NOT MATCH,0.430,0.780,,,,
,2285,NOT MATCH,0.440,0.730,,,,
,49,MATCH,0.260,0.880,,,,
,2917,NOT MATCH,0.690,0.830,,,,
,2918,NOT MATCH,0.700,0.820,,,,
,2919,NOT MATCH,0.700,0.720,,,,
,2920,NOT MATCH,0.710,0.750,,,,
,2921,NOT MATCH,0.730,0.800,,,,
,2922,NOT MATCH,0.730,0.730,,,,
,2923,NOT MATCH,0.740,0.770,,,,
,2924,NOT MATCH,0.740,0.770,,,,
,1869,NOT MATCH,0.430,0.650,,,,
,1735,NOT MATCH,0.420,0.860,,,,
,1665,NOT MATCH,0.420,0.740,,,,
,2027,NOT MATCH,0.430,0.670,,,,
,1042,NOT MATCH,0.350,0.870,,,,
,836,MATCH,0.310,0.880,,,,
,1419,NOT MATCH,0.410,0.740,,,,
,1108,MATCH,0.370,0.740,,,,
,3050,NOT MATCH,0.920,0.630,,,,
,3051,NOT MATCH,0.940,0.500,,,,
,3052,NOT MATCH,0.970,0.680,,,,
,3053,NOT MATCH,0.990,0.780,,,,
,3054,NOT MATCH,1.000,0.610,,,,
,3055,NOT MATCH,1.010,0.510,,,,
,3056,NOT MATCH,1.020,0.790,,,,
,3057,NOT MATCH,1.020,0.670,,,,
,2108,NOT MATCH,0.430,0.670,,,,
,2664,NOT MATCH,0.450,0.740,,,,
,295,MATCH,0.300,0.850,,,,
,579,NOT MATCH,0.550,0.630,,,,
,580,NOT MATCH,0.610,0.640,,,,
,581,NOT MATCH,0.610,0.630,,,,
,1749,NOT MATCH,0.420,0.750,,,,
,371,MATCH,0.280,0.810,,,,
,4241,NOT MATCH,0.590,0.640,,,,
,4242,NOT MATCH,0.640,0.720,,,,
,4243,NOT MATCH,0.640,0.540,,,,
,4244,NOT MATCH,0.680,0.730,,,,
,4245,NOT MATCH,0.680,0.680,,,,
,4246,NOT MATCH,0.700,0.660,,,,
,4247,NOT MATCH,0.710,0.740,,,,
,4248,NOT MATCH,0.730,0.650,,,,
,1829,NOT MATCH,0.430,0.840,,,,
,1583,NOT MATCH,0.410,0.760,,,,
,378,MATCH,0.280,0.820,,,,
,2648,MATCH,0.450,0.820,,,,
,2016,NOT MATCH,0.430,0.800,,,,
,1648,NOT MATCH,0.420,0.790,,,,
,1513,NOT MATCH,0.410,0.820,,,,
,1915,NOT MATCH,0.430,0.690,,,,
,2009,NOT MATCH,0.430,0.670,,,,
,1044,NOT MATCH,0.350,0.790,,,,
,1837,NOT MATCH,0.430,0.830,,,,
,2751,NOT MATCH,0.450,0.780,,,,
,987,MATCH,0.340,0.760,,,,
,2170,NOT MATCH,0.440,0.850,,,,
,1207,MATCH,0.380,0.790,,,,
,153,MATCH,0.170,0.930,,,,
,582,NOT MATCH,0.590,0.760,,,,
,583,NOT MATCH,0.610,0.770,,,,
,584,NOT MATCH,0.620,0.510,,,,
,3529,NOT MATCH,0.670,0.620,,,,
,3530,NOT MATCH,0.670,0.500,,,,
,3531,NOT MATCH,0.680,0.610,,,,
,3532,NOT MATCH,0.680,0.700,,,,
,3533,NOT MATCH,0.680,0.400,,,,
,1632,NOT MATCH,0.420,0.640,,,,
,1498,MATCH,0.410,0.760,,,,
,1761,NOT MATCH,0.420,0.750,,,,
,259,MATCH,0.170,0.920,,,,
,1564,NOT MATCH,0.410,0.840,,,,
,51,MATCH,0.250,0.910,,,,
,2933,NOT MATCH,0.650,0.800,,,,
,2934,NOT MATCH,0.690,0.690,,,,
,2935,NOT MATCH,0.700,0.630,,,,
,2936,NOT MATCH,0.700,0.700,,,,
,2937,NOT MATCH,0.710,0.690,,,,
,2938,NOT MATCH,0.720,0.700,,,,
,2939,NOT MATCH,0.720,0.660,,,,
,2940,NOT MATCH,0.750,0.580,,,,
,2729,NOT MATCH,0.450,0.710,,,,
,1354,NOT MATCH,0.400,0.700,,,,
,2398,NOT MATCH,0.440,0.770,,,,
,849,MATCH,0.310,0.850,,,,
,2782,NOT MATCH,0.450,0.690,,,,
,2411,NOT MATCH,0.440,0.810,,,,
,585,NOT MATCH,0.670,0.730,,,,
,586,NOT MATCH,0.670,0.760,,,,
,2901,NOT MATCH,0.690,0.660,,,,
,2902,NOT MATCH,0.700,0.750,,,,
,2903,NOT MATCH,0.700,0.750,,,,
,432,MATCH,0.220,0.950,,,,
,1171,NOT MATCH,0.380,0.770,,,,
,1049,MATCH,0.350,0.880,,,,
,2709,NOT MATCH,0.450,0.770,,,,
,942,MATCH,0.330,0.880,,,,
,821,MATCH,0.310,0.940,,,,
,1367,NOT MATCH,0.400,0.830,,,,
,2698,NOT MATCH,0.450,0.760,,,,
,1980,NOT MATCH,0.430,0.780,,,,
,1994,NOT MATCH,0.430,0.720,,,,
,412,MATCH,0.260,0.910,,,,
,587,NOT MATCH,0.520,0.740,,,,
,588,NOT MATCH,0.630,0.730,,,,
,589,NOT MATCH,0.650,0.630,,,,
,4331,NOT MATCH,0.650,0.650,,,,
,4332,NOT MATCH,0.660,0.720,,,,
,4333,NOT MATCH,0.670,0.620,,,,
,4334,NOT MATCH,0.680,0.650,,,,
,4335,NOT MATCH,0.680,0.650,,,,
,3817,NOT MATCH,0.850,0.630,,,,
,3818,NOT MATCH,0.910,0.450,,,,
,3819,NOT MATCH,0.960,0.620,,,,
,3820,NOT MATCH,0.960,0.500,,,,
,3821,NOT MATCH,0.970,0.750,,,,
,3822,NOT MATCH,0.970,0.360,,,,
,3823,NOT MATCH,0.980,0.670,,,,
,3824,NOT MATCH,0.980,0.440,,,,
,1539,MATCH,0.410,0.690,,,,
,1758,NOT MATCH,0.420,0.700,,,,
,1126,MATCH,0.370,0.820,,,,
,1499,MATCH,0.410,0.680,,,,
,2081,NOT MATCH,0.430,0.840,,,,
,1525,NOT MATCH,0.410,0.720,,,,
,1158,MATCH,0.370,0.800,,,,
,149,MATCH,0.240,0.870,,,,
,3497,NOT MATCH,0.630,0.480,,,,
,3498,NOT MATCH,0.640,0.520,,,,
,3499,NOT MATCH,0.670,0.640,,,,
,3500,NOT MATCH,0.670,0.610,,,,
,3501,NOT MATCH,0.680,0.580,,,,
,3502,NOT MATCH,0.690,0.690,,,,
,3503,NOT MATCH,0.690,0.570,,,,
,3504,NOT MATCH,0.700,0.680,,,,
,1633,NOT MATCH,0.420,0.730,,,,
,2596,NOT MATCH,0.450,0.740,,,,
,2146,NOT MATCH,0.440,0.660,,,,
,459,MATCH,0.300,0.860,,,,
,1211,MATCH,0.380,0.730,,,,
,2372,NOT MATCH,0.440,0.720,,,,
,965,MATCH,0.340,0.870,,,,
,1562,NOT MATCH,0.410,0.850,,,,
,1813,NOT MATCH,0.430,0.780,,,,
,306,MATCH,0.270,0.850,,,,
,1439,MATCH,0.410,0.840,,,,
,2020,NOT MATCH,0.430,0.600,,,,
,2205,NOT MATCH,0.440,0.710,,,,
,1865,NOT MATCH,0.430,0.780,,,,
,2572,MATCH,0.450,0.680,,,,
,2863,NOT MATCH,0.450,0.790,,,,
,1814,NOT MATCH,0.430,0.720,,,,
,2304,NOT MATCH,0.440,0.770,,,,
,2234,MATCH,0.440,0.820,,,,
,132,MATCH,0.280,0.800,,,,
,3401,NOT MATCH,0.660,0.660,,,,
,3402,NOT MATCH,0.670,0.590,,,,
,3403,NOT MATCH,0.670,0.540,,,,
,3404,NOT MATCH,0.700,0.700,,,,
,3405,NOT MATCH,0.700,0.540,,,,
,3406,NOT MATCH,0.710,0.620,,,,
,3407,NOT MATCH,0.710,0.670,,,,
,3408,NOT MATCH,0.720,0.550,,,,
,2493,NOT MATCH,0.440,0.740,,,,
,2461,NOT MATCH,0.440,0.810,,,,
,2755,NOT MATCH,0.450,0.770,,,,
,2365,NOT MATCH,0.440,0.820,,,,
,1767,MATCH,0.420,0.840,,,,
,1872,MATCH,0.430,0.750,,,,
,1643,MATCH,0.420,0.760,,,,
,2382,NOT MATCH,0.440,0.720,,,,
,4066,NOT MATCH,0.790,0.540,,,,
,4067,NOT MATCH,0.820,0.500,,,,
,4068,NOT MATCH,0.850,0.560,,,,
,4069,NOT MATCH,0.860,0.390,,,,
,4070,NOT MATCH,0.860,0.630,,,,
,4071,NOT MATCH,0.870,0.570,,,,
,4072,NOT MATCH,0.890,0.410,,,,
,4073,NOT MATCH,0.900,0.550,,,,
,1875,NOT MATCH,0.430,0.740,,,,
,860,MATCH,0.320,0.740,,,,
,1935,NOT MATCH,0.430,0.820,,,,
,1760,MATCH,0.420,0.810,,,,
,2518,MATCH,0.440,0.670,,,,
,2510,NOT MATCH,0.440,0.860,,,,
,1799,MATCH,0.430,0.810,,,,
,173,MATCH,0.300,0.890,,,,
,3631,NOT MATCH,0.650,0.790,,,,
,3632,NOT MATCH,0.670,0.800,,,,
,3633,NOT MATCH,0.690,0.670,,,,
,3634,NOT MATCH,0.690,0.640,,,,
,3635,NOT MATCH,0.700,0.690,,,,
,3636,NOT MATCH,0.700,0.650,,,,
,3637,NOT MATCH,0.700,0.740,,,,
,3638,NOT MATCH,0.710,0.700,,,,
,1876,MATCH,0.430,0.930,,,,
,1887,NOT MATCH,0.430,0.720,,,,
,590,NOT MATCH,0.550,0.650,,,,
,591,NOT MATCH,0.580,0.610,,,,
,592,NOT MATCH,0.580,0.830,,,,
,593,NOT MATCH,0.590,0.710,,,,
,594,NOT MATCH,0.590,0.720,,,,
,595,NOT MATCH,0.600,0.680,,,,
,304,MATCH,0.300,0.790,,,,
,868,MATCH,0.320,0.790,,,,
,204,MATCH,0.270,0.870,,,,
,150,MATCH,0.180,0.910,,,,
,3505,NOT MATCH,0.650,0.720,,,,
,3506,NOT MATCH,0.660,0.650,,,,
,3507,NOT MATCH,0.680,0.850,,,,
,3508,NOT MATCH,0.680,0.790,,,,
,3509,NOT MATCH,0.690,0.810,,,,
,3510,NOT MATCH,0.700,0.660,,,,
,3511,NOT MATCH,0.700,0.760,,,,
,3512,NOT MATCH,0.700,0.760,,,,
,2472,NOT MATCH,0.440,0.790,,,,
,2314,NOT MATCH,0.440,0.590,,,,
,1568,NOT MATCH,0.410,0.820,,,,
,2172,NOT MATCH,0.440,0.750,,,,
,824,MATCH,0.310,0.620,,,,
,1948,NOT MATCH,0.430,0.620,,,,
,2431,MATCH,0.440,0.910,,,,
,2661,NOT MATCH,0.450,0.690,,,,
,278,MATCH,0.210,0.960,,,,
,596,NOT MATCH,0.560,0.610,,,,
,597,NOT MATCH,0.620,0.800,,,,
,598,NOT MATCH,0.640,0.650,,,,
,2866,NOT MATCH,0.450,0.510,,,,
,977,MATCH,0.340,0.800,,,,
,2279,NOT MATCH,0.440,0.750,,,,
,2063,NOT MATCH,0.430,0.790,,,,
,2019,NOT MATCH,0.430,0.750,,,,
,1186,MATCH,0.380,0.860,,,,
,439,MATCH,0.250,0.850,,,,
,2941,NOT MATCH,0.610,0.560,,,,
,2942,NOT MATCH,0.640,0.670,,,,
,2943,NOT MATCH,0.640,0.670,,,,
,2944,NOT MATCH,0.650,0.750,,,,
,2945,NOT MATCH,0.660,0.700,,,,
,2946,NOT MATCH,0.660,0.750,,,,
,2947,NOT MATCH,0.670,0.600,,,,
,2948,NOT MATCH,0.670,0.530,,,,
,1222,MATCH,0.380,0.760,,,,
,1685,MATCH,0.420,0.710,,,,
,1820,NOT MATCH,0.430,0.870,,,,
,1565,NOT MATCH,0.410,0.800,,,,
,2723,NOT MATCH,0.450,0.680,,,,
,2281,NOT MATCH,0.440,0.750,,,,
,2035,MATCH,0.430,0.860,,,,
,2046,MATCH,0.430,0.810,,,,
,2333,NOT MATCH,0.440,0.730,,,,
,2163,NOT MATCH,0.440,0.670,,,,
,2617,NOT MATCH,0.450,0.740,,,,
,2381,NOT MATCH,0.440,0.660,,,,
,443,MATCH,0.280,0.880,,,,
,599,NOT MATCH,0.580,0.630,,,,
,600,NOT MATCH,0.590,0.640,,,,
,601,NOT MATCH,0.610,0.790,,,,
,3208,NOT MATCH,0.610,0.560,,,,
,3209,NOT MATCH,0.640,0.640,,,,
,3210,NOT MATCH,0.640,0.540,,,,
,3211,NOT MATCH,0.640,0.690,,,,
,3212,NOT MATCH,0.650,0.680,,,,
,15,MATCH,0.170,0.880,,,,
,16,MATCH,0.200,0.860,,,,
,602,NOT MATCH,0.810,0.500,,,,
,603,NOT MATCH,0.820,0.360,,,,
,3626,NOT MATCH,0.840,0.610,,,,
,3627,NOT MATCH,0.840,0.370,,,,
,3628,NOT MATCH,0.840,0.570,,,,
,3629,NOT MATCH,0.840,0.640,,,,
,3630,NOT MATCH,0.840,0.560,,,,
,876,MATCH,0.320,0.720,,,,
,2222,NOT MATCH,0.440,0.530,,,,
,2128,NOT MATCH,0.440,0.620,,,,
,2085,NOT MATCH,0.430,0.800,,,,
,2089,NOT MATCH,0.430,0.800,,,,
,2424,NOT MATCH,0.440,0.770,,,,
,1682,NOT MATCH,0.420,0.580,,,,
,2335,MATCH,0.440,0.780,,,,
,2349,NOT MATCH,0.440,0.640,,,,
,4185,NOT MATCH,0.740,0.680,,,,
,4186,NOT MATCH,0.850,0.710,,,,
,4187,NOT MATCH,0.890,0.590,,,,
,4188,NOT MATCH,0.900,0.430,,,,
,4189,NOT MATCH,0.910,0.550,,,,
,4190,NOT MATCH,0.930,0.640,,,,
,4191,NOT MATCH,0.930,0.600,,,,
,4192,NOT MATCH,0.930,0.560,,,,
,3002,NOT MATCH,0.670,0.840,,,,
,3003,NOT MATCH,0.750,0.780,,,,
,3004,NOT MATCH,0.820,0.650,,,,
,3005,NOT MATCH,0.820,0.750,,,,
,3006,NOT MATCH,0.820,0.730,,,,
,3007,NOT MATCH,0.820,0.710,,,,
,3008,NOT MATCH,0.820,0.750,,,,
,3009,NOT MATCH,0.830,0.700,,,,
,1522,NOT MATCH,0.410,0.800,,,,
,394,MATCH,0.160,0.920,,,,
,4291,NOT MATCH,0.670,0.740,,,,
,4292,NOT MATCH,0.680,0.690,,,,
,4293,NOT MATCH,0.680,0.600,,,,
,4294,NOT MATCH,0.680,0.690,,,,
,4295,NOT MATCH,0.690,0.780,,,,
,4296,NOT MATCH,0.690,0.710,,,,
,4297,NOT MATCH,0.700,0.650,,,,
,4298,NOT MATCH,0.710,0.680,,,,
,1486,MATCH,0.410,0.720,,,,
,2872,NOT MATCH,0.450,0.670,,,,
,2759,NOT MATCH,0.450,0.770,,,,
,1580,MATCH,0.410,0.830,,,,
,509,MATCH,0.240,0.910,,,,
,604,NOT MATCH,0.560,0.580,,,,
,605,NOT MATCH,0.580,0.680,,,,
,606,NOT MATCH,0.590,0.470,,,,
,607,NOT MATCH,0.620,0.740,,,,
,608,NOT MATCH,0.640,0.650,,,,
,1752,NOT MATCH,0.420,0.680,,,,
,1255,MATCH,0.390,0.750,,,,
,972,MATCH,0.340,0.720,,,,
,420,MATCH,0.140,0.870,,,,
,609,NOT MATCH,0.530,0.600,,,,
,610,NOT MATCH,0.630,0.770,,,,
,611,NOT MATCH,0.680,0.720,,,,
,2133,NOT MATCH,0.440,0.660,,,,
,1453,NOT MATCH,0.410,0.670,,,,
,1470,NOT MATCH,0.410,0.710,,,,
,1879,NOT MATCH,0.430,0.840,,,,
,936,MATCH,0.330,0.860,,,,
,1284,MATCH,0.390,0.780,,,,
,341,NOT MATCH,0.300,0.890,,,,
,2102,NOT MATCH,0.430,0.770,,,,
,1922,NOT MATCH,0.430,0.830,,,,
,1574,MATCH,0.410,0.800,,,,
,1808,NOT MATCH,0.430,0.680,,,,
,2823,NOT MATCH,0.450,0.590,,,,
,2329,NOT MATCH,0.440,0.700,,,,
,487,MATCH,0.250,0.830,,,,
,1644,MATCH,0.420,0.790,,,,
,1711,NOT MATCH,0.420,0.800,,,,
,2246,NOT MATCH,0.440,0.670,,,,
,359,MATCH,0.220,0.800,,,,
,360,MATCH,0.300,0.840,,,,
,612,MATCH,0.310,0.830,,,,
,613,NOT MATCH,0.820,0.700,,,,
,614,NOT MATCH,0.850,0.710,,,,
,4230,NOT MATCH,0.870,0.680,,,,
,4231,NOT MATCH,0.900,0.620,,,,
,4232,NOT MATCH,0.900,0.630,,,,
,1442,MATCH,0.410,0.750,,,,
,456,MATCH,0.290,0.800,,,,
,2555,NOT MATCH,0.450,0.620,,,,
,2437,NOT MATCH,0.440,0.710,,,,
,2880,NOT MATCH,0.450,0.650,,,,
,1058,MATCH,0.360,0.850,,,,
,2235,MATCH,0.440,0.850,,,,
,3102,NOT MATCH,0.630,0.780,,,,
,3103,NOT MATCH,0.720,0.760,,,,
,3104,NOT MATCH,0.750,0.830,,,,
,3105,NOT MATCH,0.750,0.540,,,,
,3106,NOT MATCH,0.760,0.770,,,,
,3107,NOT MATCH,0.760,0.660,,,,
,3108,NOT MATCH,0.760,0.700,,,,
,3109,NOT MATCH,0.760,0.730,,,,
,1304,NOT MATCH,0.390,0.450,,,,
,103,MATCH,0.300,0.890,,,,
,3261,NOT MATCH,0.730,0.620,,,,
,3262,NOT MATCH,0.730,0.600,,,,
,3263,NOT MATCH,0.770,0.330,,,,
,3264,NOT MATCH,0.780,0.490,,,,
,3265,NOT MATCH,0.790,0.620,,,,
,3266,NOT MATCH,0.790,0.710,,,,
,3267,NOT MATCH,0.790,0.590,,,,
,3268,NOT MATCH,0.800,0.650,,,,
,1013,NOT MATCH,0.350,0.800,,,,
,997,MATCH,0.340,0.830,,,,
,1370,MATCH,0.400,0.800,,,,
,1600,MATCH,0.420,0.680,,,,
,1434,MATCH,0.410,0.580,,,,
,19,MATCH,0.290,0.800,,,,
,615,MATCH,0.340,0.770,,,,
,616,NOT MATCH,0.640,0.730,,,,
,617,NOT MATCH,0.650,0.750,,,,
,3799,NOT MATCH,0.660,0.690,,,,
,3800,NOT MATCH,0.670,0.700,,,,
,3801,NOT MATCH,0.680,0.870,,,,
,3802,NOT MATCH,0.680,0.680,,,,
,3803,NOT MATCH,0.680,0.740,,,,
,1040,MATCH,0.350,0.750,,,,
,1302,NOT MATCH,0.390,0.800,,,,
,1293,NOT MATCH,0.390,0.770,,,,
,2061,NOT MATCH,0.430,0.830,,,,
,1214,MATCH,0.380,0.800,,,,
,4260,NOT MATCH,0.630,0.670,,,,
,4261,NOT MATCH,0.640,0.660,,,,
,4262,NOT MATCH,0.670,0.680,,,,
,4263,NOT MATCH,0.680,0.670,,,,
,4265,NOT MATCH,0.690,0.750,,,,
,4266,NOT MATCH,0.700,0.600,,,,
,4267,NOT MATCH,0.700,0.720,,,,
,2219,NOT MATCH,0.440,0.860,,,,
,1652,NOT MATCH,0.420,0.790,,,,
,434,MATCH,0.270,0.790,,,,
,1642,NOT MATCH,0.420,0.700,,,,
,1714,NOT MATCH,0.420,0.710,,,,
,493,MATCH,0.270,0.880,,,,
,1462,NOT MATCH,0.410,0.650,,,,
,1983,MATCH,0.430,0.760,,,,
,2207,NOT MATCH,0.440,0.780,,,,
,2181,NOT MATCH,0.440,0.810,,,,
,1204,NOT MATCH,0.380,0.720,,,,
,2684,NOT MATCH,0.450,0.780,,,,
,2815,NOT MATCH,0.450,0.800,,,,
,944,MATCH,0.330,0.850,,,,
,1739,NOT MATCH,0.420,0.850,,,,
,1263,NOT MATCH,0.390,0.820,,,,
,1511,MATCH,0.410,0.720,,,,
,50,MATCH,0.280,0.790,,,,
,2925,NOT MATCH,0.760,0.790,,,,
,2926,NOT MATCH,0.770,0.730,,,,
,2927,NOT MATCH,0.790,0.650,,,,
,2928,NOT MATCH,0.790,0.630,,,,
,2929,NOT MATCH,0.820,0.670,,,,
,2930,NOT MATCH,0.840,0.610,,,,
,2931,NOT MATCH,0.840,0.750,,,,
,2932,NOT MATCH,0.840,0.660,,,,
,109,NOT MATCH,0.300,0.720,,,,
,618,NOT MATCH,0.550,0.530,,,,
,619,NOT MATCH,0.620,0.530,,,,
,620,NOT MATCH,0.660,0.660,,,,
,3298,NOT MATCH,0.680,0.620,,,,
,3299,NOT MATCH,0.690,0.640,,,,
,3300,NOT MATCH,0.690,0.460,,,,
,3301,NOT MATCH,0.700,0.530,,,,
,3302,NOT MATCH,0.700,0.610,,,,
,1576,NOT MATCH,0.410,0.680,,,,
,2670,NOT MATCH,0.450,0.830,,,,
,415,MATCH,0.290,0.870,,,,
,2601,NOT MATCH,0.450,0.770,,,,
,3674,NOT MATCH,0.660,0.750,,,,
,3675,NOT MATCH,0.750,0.410,,,,
,3676,NOT MATCH,0.790,0.660,,,,
,3677,NOT MATCH,0.820,0.740,,,,
,3678,NOT MATCH,0.820,0.650,,,,
,3679,NOT MATCH,0.820,0.510,,,,
,3680,NOT MATCH,0.830,0.550,,,,
,3681,NOT MATCH,0.830,0.680,,,,
,2546,MATCH,0.440,0.840,,,,
,55,MATCH,0.270,0.820,,,,
,2962,NOT MATCH,0.680,0.800,,,,
,2963,NOT MATCH,0.690,0.830,,,,
,2964,NOT MATCH,0.700,0.800,,,,
,2965,NOT MATCH,0.700,0.620,,,,
,2966,NOT MATCH,0.710,0.710,,,,
,2967,NOT MATCH,0.710,0.800,,,,
,2968,NOT MATCH,0.710,0.810,,,,
,2969,NOT MATCH,0.720,0.800,,,,
,3290,NOT MATCH,0.780,0.530,,,,
,3291,NOT MATCH,0.780,0.680,,,,
,3292,NOT MATCH,0.790,0.720,,,,
,3293,NOT MATCH,0.800,0.590,,,,
,3294,NOT MATCH,0.800,0.590,,,,
,3295,NOT MATCH,0.810,0.460,,,,
,3296,NOT MATCH,0.810,0.550,,,,
,3297,NOT MATCH,0.820,0.770,,,,
,1054,NOT MATCH,0.350,0.790,,,,
,2184,NOT MATCH,0.440,0.540,,,,
,1883,NOT MATCH,0.430,0.710,,,,
,2677,NOT MATCH,0.450,0.840,,,,
,1038,NOT MATCH,0.350,0.830,,,,
,888,NOT MATCH,0.330,0.760,,,,
,2524,MATCH,0.440,0.810,,,,
,1591,NOT MATCH,0.420,0.740,,,,
,899,NOT MATCH,0.330,0.750,,,,
,356,MATCH,0.290,0.780,,,,
,1906,NOT MATCH,0.430,0.800,,,,
,2457,MATCH,0.440,0.760,,,,
,1243,MATCH,0.390,0.720,,,,
,621,NOT MATCH,0.490,0.720,,,,
,622,NOT MATCH,0.540,0.680,,,,
,623,NOT MATCH,0.560,0.740,,,,
,624,NOT MATCH,0.580,0.630,,,,
,625,NOT MATCH,0.580,0.720,,,,
,626,NOT MATCH,0.600,0.710,,,,
,627,NOT MATCH,0.610,0.650,,,,
,3167,NOT MATCH,0.610,0.630,,,,
,964,MATCH,0.340,0.770,,,,
,1192,MATCH,0.380,0.900,,,,
,2819,NOT MATCH,0.450,0.690,,,,
,2481,NOT MATCH,0.440,0.780,,,,
,134,MATCH,0.220,0.890,,,,
,628,NOT MATCH,0.470,0.860,,,,
,629,NOT MATCH,0.540,0.780,,,,
,630,NOT MATCH,0.540,0.650,,,,
,631,NOT MATCH,0.540,0.790,,,,
,632,NOT MATCH,0.560,0.590,,,,
,633,NOT MATCH,0.560,0.600,,,,
,634,NOT MATCH,0.570,0.750,,,,
,635,NOT MATCH,0.570,0.750,,,,
,636,NOT MATCH,0.560,0.630,,,,
,637,NOT MATCH,0.600,0.760,,,,
,638,NOT MATCH,0.610,0.590,,,,
,1570,NOT MATCH,0.410,0.820,,,,
,1551,NOT MATCH,0.410,0.740,,,,
,4100,NOT MATCH,0.670,0.570,,,,
,4101,NOT MATCH,0.740,0.560,,,,
,4102,NOT MATCH,0.780,0.680,,,,
,4103,NOT MATCH,0.800,0.630,,,,
,4104,NOT MATCH,0.810,0.370,,,,
,4105,NOT MATCH,0.820,0.670,,,,
,4106,NOT MATCH,0.830,0.470,,,,
,4107,NOT MATCH,0.830,0.480,,,,
,2488,NOT MATCH,0.440,0.600,,,,
,138,MATCH,0.240,0.930,,,,
,3433,NOT MATCH,0.610,0.610,,,,
,3434,NOT MATCH,0.620,0.710,,,,
,3435,NOT MATCH,0.620,0.540,,,,
,3436,NOT MATCH,0.640,0.730,,,,
,3437,NOT MATCH,0.650,0.750,,,,
,3438,NOT MATCH,0.660,0.660,,,,
,3439,NOT MATCH,0.660,0.540,,,,
,3440,NOT MATCH,0.670,0.690,,,,
,2740,MATCH,0.450,0.730,,,,
,2725,NOT MATCH,0.450,0.750,,,,
,2827,NOT MATCH,0.450,0.720,,,,
,1734,NOT MATCH,0.420,0.800,,,,
,1105,MATCH,0.370,0.770,,,,
,2076,NOT MATCH,0.430,0.820,,,,
,1069,MATCH,0.360,0.800,,,,
,2525,MATCH,0.440,0.720,,,,
,2660,NOT MATCH,0.450,0.590,,,,
,1949,NOT MATCH,0.430,0.650,,,,
,2699,NOT MATCH,0.450,0.800,,,,
,125,MATCH,0.270,0.860,,,,
,3369,NOT MATCH,0.790,0.460,,,,
,3370,NOT MATCH,0.840,0.720,,,,
,3371,NOT MATCH,0.890,0.750,,,,
,3372,NOT MATCH,0.890,0.410,,,,
,3373,NOT MATCH,0.900,0.420,,,,
,3374,NOT MATCH,0.900,0.380,,,,
,3375,NOT MATCH,0.910,0.520,,,,
,3376,NOT MATCH,0.910,0.460,,,,
,2651,NOT MATCH,0.450,0.660,,,,
,1974,NOT MATCH,0.430,0.760,,,,
,2217,MATCH,0.440,0.710,,,,
,495,MATCH,0.250,0.890,,,,
,327,MATCH,0.250,0.930,,,,
,331,MATCH,0.260,0.880,,,,
,4193,NOT MATCH,0.840,0.280,,,,
,4194,NOT MATCH,0.850,0.350,,,,
,4195,NOT MATCH,0.850,0.510,,,,
,4196,NOT MATCH,0.860,0.480,,,,
,4197,NOT MATCH,0.870,0.490,,,,
,4198,NOT MATCH,0.890,0.560,,,,
,4199,NOT MATCH,0.930,0.540,,,,
,4200,NOT MATCH,0.930,0.610,,,,
,271,MATCH,0.250,0.850,,,,
,1194,MATCH,0.380,0.810,,,,
,1917,NOT MATCH,0.430,0.620,,,,
,2778,NOT MATCH,0.450,0.810,,,,
,2190,NOT MATCH,0.440,0.550,,,,
,2299,NOT MATCH,0.440,0.800,,,,
,1847,NOT MATCH,0.430,0.700,,,,
,2842,NOT MATCH,0.450,0.720,,,,
,1654,NOT MATCH,0.420,0.700,,,,
,889,MATCH,0.330,0.890,,,,
,2788,NOT MATCH,0.450,0.680,,,,
,2037,NOT MATCH,0.430,0.760,,,,
,1690,MATCH,0.420,0.770,,,,
,2559,NOT MATCH,0.450,0.860,,,,
,1926,NOT MATCH,0.430,0.570,,,,
,2748,NOT MATCH,0.450,0.750,,,,
,1578,NOT MATCH,0.410,0.800,,,,
,1502,NOT MATCH,0.410,0.770,,,,
,639,NOT MATCH,0.540,0.640,,,,
,640,NOT MATCH,0.630,0.660,,,,
,641,NOT MATCH,0.660,0.670,,,,
,4209,NOT MATCH,0.660,0.610,,,,
,4210,NOT MATCH,0.680,0.600,,,,
,4211,NOT MATCH,0.710,0.470,,,,
,4212,NOT MATCH,0.710,0.480,,,,
,4213,NOT MATCH,0.710,0.550,,,,
,1323,MATCH,0.400,0.820,,,,
,437,MATCH,0.300,0.860,,,,
,279,MATCH,0.170,0.900,,,,
,4026,NOT MATCH,0.610,0.740,,,,
,4027,NOT MATCH,0.640,0.640,,,,
,4028,NOT MATCH,0.640,0.710,,,,
,4029,NOT MATCH,0.660,0.740,,,,
,4030,NOT MATCH,0.680,0.580,,,,
,4031,NOT MATCH,0.690,0.590,,,,
,4032,NOT MATCH,0.690,0.580,,,,
,4033,NOT MATCH,0.700,0.630,,,,
,2182,NOT MATCH,0.440,0.800,,,,
,479,MATCH,0.280,0.790,,,,
,1549,NOT MATCH,0.410,0.700,,,,
,261,MATCH,0.190,0.900,,,,
,642,NOT MATCH,0.560,0.750,,,,
,643,NOT MATCH,0.580,0.730,,,,
,644,NOT MATCH,0.590,0.770,,,,
,645,NOT MATCH,0.620,0.630,,,,
,2201,NOT MATCH,0.440,0.790,,,,
,2682,MATCH,0.450,0.840,,,,
,949,MATCH,0.340,0.790,,,,
,2220,MATCH,0.440,0.680,,,,
,1859,MATCH,0.430,0.770,,,,
,131,MATCH,0.150,0.890,,,,
,646,NOT MATCH,0.550,0.670,,,,
,647,NOT MATCH,0.560,0.750,,,,
,648,NOT MATCH,0.610,0.680,,,,
,649,NOT MATCH,0.620,0.740,,,,
,3473,NOT MATCH,0.630,0.810,,,,
,3474,NOT MATCH,0.660,0.720,,,,
,3475,NOT MATCH,0.670,0.780,,,,
,3476,NOT MATCH,0.680,0.670,,,,
,3477,NOT MATCH,0.680,0.500,,,,
,3478,NOT MATCH,0.690,0.690,,,,
,3479,NOT MATCH,0.690,0.630,,,,
,3480,NOT MATCH,0.700,0.660,,,,
,2542,NOT MATCH,0.440,0.780,,,,
,183,MATCH,0.240,0.860,,,,
,3682,NOT MATCH,0.840,0.610,,,,
,3683,NOT MATCH,0.910,0.510,,,,
,3684,NOT MATCH,0.940,0.680,,,,
,3685,NOT MATCH,0.970,0.520,,,,
,3686,NOT MATCH,0.980,0.480,,,,
,3687,NOT MATCH,0.980,0.680,,,,
,3688,NOT MATCH,0.990,0.540,,,,
,3689,NOT MATCH,0.990,0.600,,,,
,2749,NOT MATCH,0.450,0.520,,,,
,2845,NOT MATCH,0.450,0.600,,,,
,818,MATCH,0.300,0.750,,,,
,1465,MATCH,0.410,0.780,,,,
,1723,NOT MATCH,0.420,0.790,,,,
,2769,NOT MATCH,0.450,0.390,,,,
,2798,NOT MATCH,0.450,0.800,,,,
,1311,MATCH,0.390,0.750,,,,
,1078,MATCH,0.360,0.900,,,,
,2325,NOT MATCH,0.440,0.700,,,,
,2613,NOT MATCH,0.450,0.770,,,,
,2529,NOT MATCH,0.440,0.700,,,,
,1308,MATCH,0.390,0.880,,,,
,1113,NOT MATCH,0.370,0.770,,,,
,1925,MATCH,0.430,0.610,,,,
,1867,NOT MATCH,0.430,0.650,,,,
,904,NOT MATCH,0.330,0.890,,,,
,1035,NOT MATCH,0.350,0.770,,,,
,1067,NOT MATCH,0.360,0.880,,,,
,1967,NOT MATCH,0.430,0.810,,,,
,913,MATCH,0.330,0.720,,,,
,254,MATCH,0.200,0.840,,,,
,315,MATCH,0.300,0.840,,,,
,4140,NOT MATCH,0.670,0.630,,,,
,4141,NOT MATCH,0.700,0.610,,,,
,4142,NOT MATCH,0.700,0.580,,,,
,4143,NOT MATCH,0.710,0.650,,,,
,4144,NOT MATCH,0.710,0.660,,,,
,4145,NOT MATCH,0.710,0.630,,,,
,4146,NOT MATCH,0.720,0.720,,,,
,4147,NOT MATCH,0.720,0.550,,,,
,518,MATCH,0.260,0.920,,,,
,650,NOT MATCH,0.550,0.840,,,,
,651,NOT MATCH,0.750,0.700,,,,
,652,NOT MATCH,0.770,0.700,,,,
,2328,NOT MATCH,0.440,0.830,,,,
,924,MATCH,0.330,0.740,,,,
,4352,NOT MATCH,0.810,0.700,,,,
,4353,NOT MATCH,0.870,0.650,,,,
,4354,NOT MATCH,0.870,0.600,,,,
,4355,NOT MATCH,0.880,0.710,,,,
,4356,NOT MATCH,0.890,0.680,,,,
,4357,NOT MATCH,0.920,0.420,,,,
,4358,NOT MATCH,0.940,0.410,,,,
,4359,NOT MATCH,0.950,0.580,,,,
,2554,NOT MATCH,0.450,0.820,,,,
,1065,MATCH,0.360,0.810,,,,
,2430,NOT MATCH,0.440,0.740,,,,
,653,NOT MATCH,0.760,0.590,,,,
,654,NOT MATCH,0.780,0.560,,,,
,4286,NOT MATCH,0.790,0.540,,,,
,4287,NOT MATCH,0.830,0.570,,,,
,4288,NOT MATCH,0.840,0.530,,,,
,4289,NOT MATCH,0.850,0.470,,,,
,4290,NOT MATCH,0.850,0.550,,,,
,1246,MATCH,0.390,0.810,,,,
,1584,MATCH,0.410,0.810,,,,
,3200,NOT MATCH,0.890,0.650,,,,
,3201,NOT MATCH,0.900,0.730,,,,
,3202,NOT MATCH,0.920,0.540,,,,
,3203,NOT MATCH,0.940,0.660,,,,
,3204,NOT MATCH,0.940,0.770,,,,
,3205,NOT MATCH,0.950,0.580,,,,
,3206,NOT MATCH,0.960,0.560,,,,
,3207,NOT MATCH,0.960,0.190,,,,
,400,MATCH,0.210,0.880,,,,
,57,MATCH,0.240,0.850,,,,
,2978,NOT MATCH,0.640,0.650,,,,
,2979,NOT MATCH,0.680,0.650,,,,
,2980,NOT MATCH,0.700,0.640,,,,
,2981,NOT MATCH,0.700,0.710,,,,
,2982,NOT MATCH,0.710,0.500,,,,
,2983,NOT MATCH,0.710,0.680,,,,
,2984,NOT MATCH,0.720,0.610,,,,
,2985,NOT MATCH,0.720,0.640,,,,
,1931,NOT MATCH,0.430,0.810,,,,
,2584,NOT MATCH,0.450,0.740,,,,
,1146,NOT MATCH,0.370,0.750,,,,
,2134,NOT MATCH,0.440,0.760,,,,
,110,MATCH,0.290,0.820,,,,
,2832,NOT MATCH,0.450,0.690,,,,
,4376,NOT MATCH,0.620,0.760,,,,
,4377,NOT MATCH,0.650,0.820,,,,
,4378,NOT MATCH,0.660,0.620,,,,
,4379,NOT MATCH,0.700,0.690,,,,
,4380,NOT MATCH,0.700,0.740,,,,
,4381,NOT MATCH,0.710,0.800,,,,
,4382,NOT MATCH,0.710,0.700,,,,
,4383,NOT MATCH,0.720,0.740,,,,
,2644,NOT MATCH,0.450,0.650,,,,
,2825,NOT MATCH,0.450,0.800,,,,
,2867,NOT MATCH,0.450,0.670,,,,
,451,MATCH,0.170,0.910,,,,
,2191,NOT MATCH,0.440,0.740,,,,
,1427,NOT MATCH,0.410,0.740,,,,
,2362,NOT MATCH,0.440,0.870,,,,
,2836,NOT MATCH,0.450,0.680,,,,
,227,MATCH,0.170,0.910,,,,
,3825,NOT MATCH,0.670,0.670,,,,
,3826,NOT MATCH,0.710,0.630,,,,
,3827,NOT MATCH,0.730,0.590,,,,
,3828,NOT MATCH,0.740,0.680,,,,
,3829,NOT MATCH,0.750,0.580,,,,
,3830,NOT MATCH,0.750,0.430,,,,
,3831,NOT MATCH,0.750,0.480,,,,
,3832,NOT MATCH,0.750,0.640,,,,
,1219,NOT MATCH,0.380,0.680,,,,
,1429,NOT MATCH,0.410,0.680,,,,
,2608,NOT MATCH,0.450,0.760,,,,
,2142,MATCH,0.440,0.760,,,,
,1823,NOT MATCH,0.430,0.860,,,,
,1662,NOT MATCH,0.420,0.800,,,,
,285,MATCH,0.180,0.930,,,,
,1963,NOT MATCH,0.430,0.780,,,,
,1748,NOT MATCH,0.420,0.790,,,,
,3138,NOT MATCH,0.870,0.780,,,,
,3139,NOT MATCH,0.880,0.630,,,,
,3140,NOT MATCH,0.890,0.620,,,,
,3141,NOT MATCH,0.900,0.770,,,,
,3142,NOT MATCH,0.910,0.670,,,,
,3143,NOT MATCH,0.910,0.610,,,,
,3144,NOT MATCH,0.920,0.680,,,,
,3145,NOT MATCH,0.930,0.650,,,,
,2249,NOT MATCH,0.440,0.680,,,,
,320,MATCH,0.260,0.890,,,,
,4156,NOT MATCH,0.710,0.840,,,,
,4157,NOT MATCH,0.730,0.720,,,,
,4158,NOT MATCH,0.730,0.720,,,,
,4159,NOT MATCH,0.740,0.760,,,,
,4160,NOT MATCH,0.790,0.730,,,,
,4161,NOT MATCH,0.790,0.790,,,,
,4162,NOT MATCH,0.790,0.780,,,,
,4163,NOT MATCH,0.800,0.680,,,,
,2407,NOT MATCH,0.440,0.850,,,,
,2377,NOT MATCH,0.440,0.740,,,,
,1161,MATCH,0.370,0.920,,,,
,1288,MATCH,0.390,0.750,,,,
,89,MATCH,0.240,0.910,,,,
,3184,NOT MATCH,0.620,0.740,,,,
,3185,NOT MATCH,0.640,0.580,,,,
,3186,NOT MATCH,0.640,0.850,,,,
,3187,NOT MATCH,0.650,0.620,,,,
,3188,NOT MATCH,0.670,0.660,,,,
,3189,NOT MATCH,0.670,0.800,,,,
,3190,NOT MATCH,0.670,0.710,,,,
,3191,NOT MATCH,0.680,0.750,,,,
,2090,NOT MATCH,0.430,0.800,,,,
,1725,NOT MATCH,0.420,0.800,,,,
,2501,NOT MATCH,0.440,0.730,,,,
,396,MATCH,0.160,0.920,,,,
,4307,NOT MATCH,0.760,0.650,,,,
,4308,NOT MATCH,0.770,0.570,,,,
,4309,NOT MATCH,0.780,0.440,,,,
,4310,NOT MATCH,0.780,0.650,,,,
,4311,NOT MATCH,0.780,0.330,,,,
,4312,NOT MATCH,0.790,0.410,,,,
,4313,NOT MATCH,0.790,0.620,,,,
,4314,NOT MATCH,0.790,0.530,,,,
,1395,NOT MATCH,0.400,0.810,,,,
,1099,MATCH,0.360,0.720,,,,
,937,MATCH,0.330,0.720,,,,
,2489,NOT MATCH,0.440,0.680,,,,
,1251,NOT MATCH,0.390,0.820,,,,
,1745,NOT MATCH,0.420,0.750,,,,
,1671,MATCH,0.420,0.770,,,,
,1609,MATCH,0.420,0.820,,,,
,1982,MATCH,0.430,0.680,,,,
,190,MATCH,0.260,0.740,,,,
,3706,NOT MATCH,0.800,0.510,,,,
,3707,NOT MATCH,0.810,0.520,,,,
,3708,NOT MATCH,0.860,0.570,,,,
,3709,NOT MATCH,0.870,0.610,,,,
,3710,NOT MATCH,0.870,0.490,,,,
,3711,NOT MATCH,0.870,0.650,,,,
,3712,NOT MATCH,0.880,0.740,,,,
,3713,NOT MATCH,0.880,0.780,,,,
,1559,NOT MATCH,0.410,0.810,,,,
,2586,NOT MATCH,0.450,0.850,,,,
,1972,NOT MATCH,0.430,0.830,,,,
,2528,NOT MATCH,0.440,0.670,,,,
,3562,NOT MATCH,0.870,0.640,,,,
,3563,NOT MATCH,0.880,0.490,,,,
,3564,NOT MATCH,0.900,0.650,,,,
,3565,NOT MATCH,0.930,0.650,,,,
,3566,NOT MATCH,0.930,0.630,,,,
,3567,NOT MATCH,0.950,0.570,,,,
,3568,NOT MATCH,0.960,0.710,,,,
,3569,NOT MATCH,0.960,0.480,,,,
,430,NOT MATCH,0.200,0.890,,,,
,2287,NOT MATCH,0.440,0.810,,,,
,2598,MATCH,0.450,0.770,,,,
,1540,NOT MATCH,0.410,0.700,,,,
,2353,NOT MATCH,0.440,0.690,,,,
,1928,MATCH,0.430,0.830,,,,
,2494,NOT MATCH,0.440,0.820,,,,
,442,MATCH,0.290,0.890,,,,
,4233,NOT MATCH,0.600,0.830,,,,
,4234,NOT MATCH,0.710,0.650,,,,
,4235,NOT MATCH,0.710,0.700,,,,
,4236,NOT MATCH,0.710,0.710,,,,
,4237,NOT MATCH,0.750,0.730,,,,
,4238,NOT MATCH,0.750,0.830,,,,
,4239,NOT MATCH,0.770,0.670,,,,
,4240,NOT MATCH,0.780,0.590,,,,
,464,MATCH,0.270,0.820,,,,
,655,NOT MATCH,0.590,0.750,,,,
,656,NOT MATCH,0.620,0.630,,,,
,657,NOT MATCH,0.620,0.740,,,,
,4392,NOT MATCH,0.620,0.710,,,,
,4393,NOT MATCH,0.640,0.680,,,,
,4394,NOT MATCH,0.640,0.650,,,,
,4395,NOT MATCH,0.650,0.740,,,,
,4396,NOT MATCH,0.660,0.550,,,,
,1517,NOT MATCH,0.410,0.640,,,,
,1873,NOT MATCH,0.430,0.800,,,,
,2511,NOT MATCH,0.440,0.650,,,,
,3714,NOT MATCH,0.870,0.420,,,,
,3715,NOT MATCH,0.890,0.690,,,,
,3716,NOT MATCH,0.890,0.760,,,,
,3717,NOT MATCH,0.900,0.730,,,,
,3718,NOT MATCH,0.900,0.640,,,,
,3719,NOT MATCH,0.900,0.750,,,,
,3720,NOT MATCH,0.900,0.660,,,,
,3721,NOT MATCH,0.910,0.670,,,,
,472,MATCH,0.160,0.890,,,,
,1791,NOT MATCH,0.420,0.590,,,,
,1452,NOT MATCH,0.410,0.880,,,,
,2031,MATCH,0.430,0.750,,,,
,2000,NOT MATCH,0.430,0.730,,,,
,3114,NOT MATCH,0.850,0.660,,,,
,3115,NOT MATCH,0.880,0.600,,,,
,3116,NOT MATCH,0.880,0.620,,,,
,3117,NOT MATCH,0.890,0.430,,,,
,3118,NOT MATCH,0.890,0.540,,,,
,3119,NOT MATCH,0.890,0.760,,,,
,3120,NOT MATCH,0.910,0.620,,,,
,2106,MATCH,0.430,0.790,,,,
,1782,NOT MATCH,0.420,0.730,,,,
,1495,NOT MATCH,0.410,0.660,,,,
,1342,MATCH,0.400,0.780,,,,
,239,MATCH,0.280,0.910,,,,
,3894,NOT MATCH,0.720,0.590,,,,
,3895,NOT MATCH,0.730,0.780,,,,
,3896,NOT MATCH,0.740,0.580,,,,
,3897,NOT MATCH,0.750,0.750,,,,
,3898,NOT MATCH,0.750,0.680,,,,
,3899,NOT MATCH,0.750,0.790,,,,
,3900,NOT MATCH,0.750,0.750,,,,
,3901,NOT MATCH,0.760,0.650,,,,
,1335,MATCH,0.400,0.780,,,,
,2805,NOT MATCH,0.450,0.780,,,,
,1727,NOT MATCH,0.420,0.820,,,,
,2668,NOT MATCH,0.450,0.800,,,,
,1051,NOT MATCH,0.350,0.760,,,,
,1282,MATCH,0.390,0.850,,,,
,3277,NOT MATCH,0.800,0.590,,,,
,3278,NOT MATCH,0.850,0.690,,,,
,3279,NOT MATCH,0.850,0.760,,,,
,3280,NOT MATCH,0.870,0.640,,,,
,3281,NOT MATCH,0.870,0.630,,,,
,3282,NOT MATCH,0.880,0.660,,,,
,3283,NOT MATCH,0.880,0.590,,,,
,3284,NOT MATCH,0.890,0.580,,,,
,1810,NOT MATCH,0.430,0.630,,,,
,113,MATCH,0.190,0.890,,,,
,3311,NOT MATCH,0.630,0.660,,,,
,3312,NOT MATCH,0.660,0.410,,,,
,3313,NOT MATCH,0.670,0.670,,,,
,3314,NOT MATCH,0.670,0.640,,,,
,3315,NOT MATCH,0.670,0.700,,,,
,3316,NOT MATCH,0.690,0.530,,,,
,3317,NOT MATCH,0.690,0.690,,,,
,3318,NOT MATCH,0.690,0.520,,,,
,1856,MATCH,0.430,0.850,,,,
,339,MATCH,0.250,0.820,,,,
,2165,NOT MATCH,0.440,0.490,,,,
,506,MATCH,0.270,0.920,,,,
,658,NOT MATCH,0.570,0.890,,,,
,659,NOT MATCH,0.760,0.680,,,,
,660,NOT MATCH,0.780,0.760,,,,
,661,MATCH,0.380,0.870,,,,
,662,MATCH,0.390,0.680,,,,
,663,NOT MATCH,0.860,0.700,,,,
,664,NOT MATCH,0.930,0.670,,,,
,3111,NOT MATCH,0.960,0.600,,,,
,3112,NOT MATCH,0.990,0.550,,,,
,3113,NOT MATCH,0.990,0.540,,,,
,4201,NOT MATCH,0.650,0.770,,,,
,4202,NOT MATCH,0.660,0.760,,,,
,4203,NOT MATCH,0.660,0.790,,,,
,4204,NOT MATCH,0.670,0.800,,,,
,4205,NOT MATCH,0.670,0.720,,,,
,4206,NOT MATCH,0.680,0.620,,,,
,4207,NOT MATCH,0.680,0.710,,,,
,4208,NOT MATCH,0.680,0.720,,,,
,2323,NOT MATCH,0.440,0.770,,,,
,2460,NOT MATCH,0.440,0.790,,,,
,1007,MATCH,0.350,0.620,,,,
,1286,MATCH,0.390,0.800,,,,
,3229,NOT MATCH,0.640,0.590,,,,
,3230,NOT MATCH,0.660,0.750,,,,
,3231,NOT MATCH,0.660,0.680,,,,
,3232,NOT MATCH,0.670,0.520,,,,
,3233,NOT MATCH,0.670,0.540,,,,
,3234,NOT MATCH,0.690,0.640,,,,
,3235,NOT MATCH,0.700,0.350,,,,
,3236,NOT MATCH,0.700,0.600,,,,
,2277,NOT MATCH,0.440,0.850,,,,
,2506,NOT MATCH,0.440,0.730,,,,
,2620,NOT MATCH,0.450,0.750,,,,
,1445,NOT MATCH,0.410,0.710,,,,
,1692,NOT MATCH,0.420,0.850,,,,
,665,NOT MATCH,0.530,0.690,,,,
,666,NOT MATCH,0.620,0.720,,,,
,667,NOT MATCH,0.640,0.800,,,,
,4268,NOT MATCH,0.650,0.660,,,,
,4269,NOT MATCH,0.660,0.740,,,,
,4270,NOT MATCH,0.660,0.580,,,,
,4271,NOT MATCH,0.670,0.740,,,,
,4272,NOT MATCH,0.670,0.660,,,,
,1179,MATCH,0.380,0.870,,,,
,1273,MATCH,0.390,0.870,,,,
,3521,NOT MATCH,0.660,0.750,,,,
,3522,NOT MATCH,0.730,0.760,,,,
,3523,NOT MATCH,0.740,0.630,,,,
,3524,NOT MATCH,0.750,0.630,,,,
,3525,NOT MATCH,0.750,0.750,,,,
,3526,NOT MATCH,0.760,0.520,,,,
,3527,NOT MATCH,0.760,0.580,,,,
,3528,NOT MATCH,0.770,0.650,,,,
,918,MATCH,0.330,0.790,,,,
,1115,NOT MATCH,0.370,0.820,,,,
,3775,NOT MATCH,0.870,0.630,,,,
,3776,NOT MATCH,0.920,0.660,,,,
,3777,NOT MATCH,1.000,0.590,,,,
,3778,NOT MATCH,1.000,0.560,,,,
,3779,NOT MATCH,1.000,0.590,,,,
,3780,NOT MATCH,1.030,0.560,,,,
,3781,NOT MATCH,1.060,0.740,,,,
,3782,NOT MATCH,1.060,0.580,,,,
,668,NOT MATCH,0.590,0.640,,,,
,669,NOT MATCH,0.600,0.660,,,,
,670,NOT MATCH,0.600,0.590,,,,
,1087,MATCH,0.360,0.730,,,,
,2275,NOT MATCH,0.440,0.720,,,,
,2650,NOT MATCH,0.450,0.870,,,,
,368,MATCH,0.270,0.850,,,,
,1190,MATCH,0.380,0.780,,,,
,1431,NOT MATCH,0.410,0.760,,,,
,1142,NOT MATCH,0.370,0.640,,,,
,1680,NOT MATCH,0.420,0.830,,,,
,2882,NOT MATCH,0.450,0.680,,,,
,1262,NOT MATCH,0.390,0.670,,,,
,2744,NOT MATCH,0.450,0.700,,,,
,1660,NOT MATCH,0.420,0.720,,,,
,2199,NOT MATCH,0.440,0.730,,,,
,2765,NOT MATCH,0.450,0.730,,,,
,2442,NOT MATCH,0.440,0.660,,,,
,3192,NOT MATCH,0.690,0.280,,,,
,3193,NOT MATCH,0.740,0.590,,,,
,3194,NOT MATCH,0.740,0.540,,,,
,3195,NOT MATCH,0.740,0.530,,,,
,3196,NOT MATCH,0.760,0.560,,,,
,3197,NOT MATCH,0.770,0.700,,,,
,3198,NOT MATCH,0.770,0.530,,,,
,3199,NOT MATCH,0.770,0.450,,,,
,1780,NOT MATCH,0.420,0.780,,,,
,2392,NOT MATCH,0.440,0.690,,,,
,1329,MATCH,0.400,0.750,,,,
,2109,NOT MATCH,0.430,0.640,,,,
,2157,NOT MATCH,0.440,0.820,,,,
,501,MATCH,0.220,0.890,,,,
,671,MATCH,0.480,0.820,,,,
,672,NOT MATCH,0.700,0.710,,,,
,673,NOT MATCH,0.730,0.740,,,,
,1678,MATCH,0.420,0.730,,,,
,300,MATCH,0.270,0.820,,,,
,674,NOT MATCH,0.580,0.740,,,,
,675,NOT MATCH,0.600,0.760,,,,
,676,NOT MATCH,0.600,0.650,,,,
,4079,NOT MATCH,0.620,0.710,,,,
,4080,NOT MATCH,0.630,0.690,,,,
,4081,NOT MATCH,0.650,0.630,,,,
,4082,NOT MATCH,0.660,0.830,,,,
,4083,NOT MATCH,0.660,0.750,,,,
,3783,NOT MATCH,0.640,0.550,,,,
,3784,NOT MATCH,0.640,0.640,,,,
,3785,NOT MATCH,0.660,0.600,,,,
,3786,NOT MATCH,0.670,0.540,,,,
,3787,NOT MATCH,0.680,0.630,,,,
,3788,NOT MATCH,0.680,0.670,,,,
,3789,NOT MATCH,0.690,0.670,,,,
,3790,NOT MATCH,0.690,0.600,,,,
,1992,NOT MATCH,0.430,0.890,,,,
,1611,NOT MATCH,0.420,0.630,,,,
,1520,NOT MATCH,0.410,0.860,,,,
,1702,MATCH,0.420,0.860,,,,
,120,MATCH,0.290,0.850,,,,
,3342,NOT MATCH,0.690,0.610,,,,
,3343,NOT MATCH,0.740,0.680,,,,
,3344,NOT MATCH,0.740,0.600,,,,
,3345,NOT MATCH,0.760,0.700,,,,
,3346,NOT MATCH,0.760,0.430,,,,
,3347,NOT MATCH,0.760,0.780,,,,
,3348,NOT MATCH,0.770,0.680,,,,
,3349,NOT MATCH,0.770,0.570,,,,
,3994,NOT MATCH,0.830,0.630,,,,
,3995,NOT MATCH,0.830,0.630,,,,
,3996,NOT MATCH,0.870,0.460,,,,
,3997,NOT MATCH,0.870,0.690,,,,
,3998,NOT MATCH,0.910,0.530,,,,
,3999,NOT MATCH,0.920,0.460,,,,
,4000,NOT MATCH,0.940,0.650,,,,
,4001,NOT MATCH,0.940,0.650,,,,
,1001,MATCH,0.350,0.800,,,,
,36,MATCH,0.300,0.800,,,,
,677,NOT MATCH,0.720,0.420,,,,
,678,NOT MATCH,0.870,0.550,,,,
,2342,NOT MATCH,0.440,0.680,,,,
,2552,NOT MATCH,0.450,0.790,,,,
,2575,NOT MATCH,0.450,0.800,,,,
,2477,NOT MATCH,0.440,0.800,,,,
,3690,NOT MATCH,0.880,0.420,,,,
,3691,NOT MATCH,0.990,0.610,,,,
,3692,NOT MATCH,0.990,0.520,,,,
,3693,NOT MATCH,1.000,0.640,,,,
,3694,NOT MATCH,1.010,0.500,,,,
,3695,NOT MATCH,1.010,0.540,,,,
,3696,NOT MATCH,1.010,0.710,,,,
,3697,NOT MATCH,1.010,0.550,,,,
,1858,NOT MATCH,0.430,0.580,,,,
,351,MATCH,0.260,0.760,,,,
,4214,NOT MATCH,0.750,0.710,,,,
,4215,NOT MATCH,0.780,0.600,,,,
,4216,NOT MATCH,0.800,0.660,,,,
,4217,NOT MATCH,0.800,0.670,,,,
,4218,NOT MATCH,0.840,0.510,,,,
,4219,NOT MATCH,0.840,0.620,,,,
,4220,NOT MATCH,0.840,0.590,,,,
,4221,NOT MATCH,0.850,0.750,,,,
,679,NOT MATCH,0.540,0.830,,,,
,680,NOT MATCH,0.550,0.780,,,,
,681,NOT MATCH,0.580,0.710,,,,
,682,NOT MATCH,0.580,0.510,,,,
,683,NOT MATCH,0.600,0.780,,,,
,684,NOT MATCH,0.610,0.710,,,,
,3586,NOT MATCH,0.620,0.640,,,,
,3587,NOT MATCH,0.620,0.710,,,,
,114,MATCH,0.300,0.830,,,,
,685,MATCH,0.370,0.800,,,,
,3319,NOT MATCH,0.990,0.780,,,,
,3320,NOT MATCH,1.000,0.490,,,,
,3321,NOT MATCH,1.000,0.540,,,,
,3322,NOT MATCH,1.000,0.640,,,,
,3323,NOT MATCH,1.010,0.620,,,,
,3324,NOT MATCH,1.010,0.320,,,,
,3325,NOT MATCH,1.020,0.430,,,,
,2859,NOT MATCH,0.450,0.750,,,,
,3849,NOT MATCH,0.710,0.490,,,,
,3850,NOT MATCH,0.740,0.560,,,,
,3851,NOT MATCH,0.740,0.510,,,,
,3852,NOT MATCH,0.740,0.670,,,,
,3853,NOT MATCH,0.740,0.600,,,,
,3854,NOT MATCH,0.750,0.630,,,,
,3855,NOT MATCH,0.750,0.540,,,,
,3856,NOT MATCH,0.760,0.620,,,,
,1411,NOT MATCH,0.400,0.650,,,,
,1377,NOT MATCH,0.400,0.780,,,,
,2098,NOT MATCH,0.430,0.660,,,,
,2695,MATCH,0.450,0.820,,,,
,854,MATCH,0.320,0.810,,,,
,2122,NOT MATCH,0.440,0.770,,,,
,947,MATCH,0.330,0.650,,,,
,1617,MATCH,0.420,0.790,,,,
,1016,MATCH,0.350,0.860,,,,
,1170,MATCH,0.370,0.890,,,,
,2970,NOT MATCH,0.710,0.710,,,,
,2971,NOT MATCH,0.770,0.640,,,,
,2972,NOT MATCH,0.780,0.660,,,,
,2973,NOT MATCH,0.790,0.740,,,,
,2974,NOT MATCH,0.790,0.680,,,,
,2975,NOT MATCH,0.790,0.760,,,,
,2976,NOT MATCH,0.800,0.530,,,,
,2977,NOT MATCH,0.800,0.420,,,,
,2004,NOT MATCH,0.430,0.720,,,,
,2396,NOT MATCH,0.440,0.670,,,,
,1593,NOT MATCH,0.420,0.840,,,,
,3221,NOT MATCH,0.730,0.670,,,,
,3222,NOT MATCH,0.750,0.560,,,,
,3223,NOT MATCH,0.760,0.710,,,,
,3224,NOT MATCH,0.820,0.680,,,,
,3225,NOT MATCH,0.830,0.580,,,,
,3226,NOT MATCH,0.830,0.620,,,,
,3227,NOT MATCH,0.840,0.450,,,,
,3228,NOT MATCH,0.850,0.700,,,,
,1122,NOT MATCH,0.370,0.550,,,,
,1776,NOT MATCH,0.420,0.720,,,,
,1446,NOT MATCH,0.410,0.750,,,,
,2149,MATCH,0.440,0.700,,,,
,1933,MATCH,0.430,0.780,,,,
,2088,MATCH,0.430,0.800,,,,
,856,MATCH,0.320,0.830,,,,
,2044,NOT MATCH,0.430,0.580,,,,
,2657,NOT MATCH,0.450,0.830,,,,
,1259,NOT MATCH,0.390,0.750,,,,
,2054,NOT MATCH,0.430,0.760,,,,
,2550,NOT MATCH,0.450,0.800,,,,
,1501,NOT MATCH,0.410,0.830,,,,
,1029,MATCH,0.350,0.860,,,,
,1959,NOT MATCH,0.430,0.620,,,,
,2838,NOT MATCH,0.450,0.620,,,,
,3176,NOT MATCH,0.790,0.580,,,,
,3177,NOT MATCH,0.840,0.710,,,,
,3178,NOT MATCH,0.840,0.700,,,,
,3179,NOT MATCH,0.860,0.680,,,,
,3180,NOT MATCH,0.870,0.670,,,,
,3181,NOT MATCH,0.880,0.310,,,,
,3182,NOT MATCH,0.880,0.670,,,,
,3183,NOT MATCH,0.890,0.580,,,,
,340,MATCH,0.190,0.870,,,,
,829,MATCH,0.310,0.820,,,,
,1267,NOT MATCH,0.390,0.870,,,,
,1971,NOT MATCH,0.430,0.540,,,,
,1401,NOT MATCH,0.400,0.780,,,,
,2387,NOT MATCH,0.440,0.660,,,,
,2458,NOT MATCH,0.440,0.700,,,,
,299,MATCH,0.240,0.810,,,,
,2104,NOT MATCH,0.430,0.770,,,,
,2538,NOT MATCH,0.440,0.570,,,,
,2716,NOT MATCH,0.450,0.640,,,,
,455,MATCH,0.250,0.780,,,,
,1716,NOT MATCH,0.420,0.800,,,,
,2449,NOT MATCH,0.440,0.640,,,,
,2308,NOT MATCH,0.440,0.550,,,,
,3385,NOT MATCH,0.770,0.740,,,,
,3386,NOT MATCH,0.780,0.740,,,,
,3387,NOT MATCH,0.800,0.600,,,,
,3388,NOT MATCH,0.820,0.780,,,,
,3389,NOT MATCH,0.840,0.590,,,,
,3390,NOT MATCH,0.890,0.610,,,,
,3391,NOT MATCH,0.890,0.670,,,,
,3392,NOT MATCH,0.890,0.590,,,,
,2560,NOT MATCH,0.450,0.850,,,,
,958,MATCH,0.340,0.740,,,,
,185,MATCH,0.260,0.880,,,,
,686,NOT MATCH,0.550,0.850,,,,
,687,NOT MATCH,0.570,0.700,,,,
,688,NOT MATCH,0.610,0.740,,,,
,689,NOT MATCH,0.620,0.720,,,,
,4124,NOT MATCH,0.630,0.670,,,,
,4125,NOT MATCH,0.630,0.580,,,,
,4126,NOT MATCH,0.640,0.500,,,,
,4127,NOT MATCH,0.640,0.670,,,,
,4128,NOT MATCH,0.650,0.640,,,,
,4129,NOT MATCH,0.670,0.550,,,,
,4130,NOT MATCH,0.680,0.450,,,,
,4131,NOT MATCH,0.680,0.650,,,,
,169,NOT MATCH,0.250,0.890,,,,
,3614,NOT MATCH,0.600,0.810,,,,
,3615,NOT MATCH,0.630,0.760,,,,
,3616,NOT MATCH,0.630,0.780,,,,
,3617,NOT MATCH,0.640,0.810,,,,
,3618,NOT MATCH,0.650,0.830,,,,
,3619,NOT MATCH,0.660,0.810,,,,
,3620,NOT MATCH,0.660,0.840,,,,
,3621,NOT MATCH,0.670,0.840,,,,
,2775,MATCH,0.450,0.740,,,,
,1450,NOT MATCH,0.410,0.630,,,,
,4092,NOT MATCH,0.700,0.750,,,,
,4093,NOT MATCH,0.760,0.480,,,,
,4094,NOT MATCH,0.760,0.720,,,,
,4095,NOT MATCH,0.780,0.730,,,,
,4096,NOT MATCH,0.800,0.380,,,,
,4097,NOT MATCH,0.800,0.490,,,,
,4098,NOT MATCH,0.810,0.620,,,,
,4099,NOT MATCH,0.810,0.590,,,,
,2300,NOT MATCH,0.440,0.720,,,,
,1599,MATCH,0.420,0.780,,,,
,2319,NOT MATCH,0.440,0.720,,,,
,154,MATCH,0.270,0.780,,,,
,690,NOT MATCH,0.550,0.610,,,,
,691,NOT MATCH,0.590,0.540,,,,
,692,NOT MATCH,0.610,0.450,,,,
,693,NOT MATCH,0.640,0.470,,,,
,3534,NOT MATCH,0.640,0.620,,,,
,3535,NOT MATCH,0.650,0.580,,,,
,3536,NOT MATCH,0.660,0.460,,,,
,3537,NOT MATCH,0.660,0.550,,,,
,2503,NOT MATCH,0.440,0.770,,,,
,869,MATCH,0.320,0.890,,,,
,2509,NOT MATCH,0.440,0.810,,,,
,2576,NOT MATCH,0.450,0.710,,,,
,1003,MATCH,0.350,0.890,,,,
,502,MATCH,0.250,0.940,,,,
,934,MATCH,0.330,0.800,,,,
,2041,NOT MATCH,0.430,0.620,,,,
,2535,NOT MATCH,0.440,0.190,,,,
,2394,NOT MATCH,0.440,0.710,,,,
,208,MATCH,0.290,0.850,,,,
,694,NOT MATCH,0.590,0.710,,,,
,695,NOT MATCH,0.600,0.620,,,,
,696,NOT MATCH,0.620,0.690,,,,
,3770,NOT MATCH,0.620,0.790,,,,
,3771,NOT MATCH,0.620,0.650,,,,
,3772,NOT MATCH,0.620,0.730,,,,
,3773,NOT MATCH,0.630,0.690,,,,
,3774,NOT MATCH,0.630,0.570,,,,
,1684,NOT MATCH,0.420,0.710,,,,
,1839,NOT MATCH,0.430,0.790,,,,
,2669,NOT MATCH,0.450,0.820,,,,
,2857,NOT MATCH,0.450,0.760,,,,
,2250,NOT MATCH,0.440,0.800,,,,
,1080,MATCH,0.360,0.680,,,,
,3168,NOT MATCH,0.910,0.630,,,,
,3169,NOT MATCH,0.930,0.670,,,,
,3170,NOT MATCH,0.940,0.690,,,,
,3171,NOT MATCH,0.950,0.640,,,,
,3172,NOT MATCH,0.960,0.660,,,,
,3173,NOT MATCH,0.960,0.700,,,,
,3174,NOT MATCH,0.960,0.650,,,,
,3175,NOT MATCH,0.970,0.630,,,,
,170,MATCH,0.270,0.800,,,,
,697,NOT MATCH,0.540,0.760,,,,
,698,NOT MATCH,0.550,0.670,,,,
,699,NOT MATCH,0.560,0.610,,,,
,700,NOT MATCH,0.560,0.670,,,,
,701,NOT MATCH,0.570,0.610,,,,
,702,NOT MATCH,0.570,0.610,,,,
,703,NOT MATCH,0.580,0.690,,,,
,2435,NOT MATCH,0.440,0.750,,,,
,2517,NOT MATCH,0.440,0.690,,,,
,3018,NOT MATCH,0.680,0.760,,,,
,3019,NOT MATCH,0.700,0.770,,,,
,3020,NOT MATCH,0.700,0.670,,,,
,3021,NOT MATCH,0.710,0.690,,,,
,3022,NOT MATCH,0.710,0.650,,,,
,3023,NOT MATCH,0.720,0.610,,,,
,3024,NOT MATCH,0.720,0.690,,,,
,3025,NOT MATCH,0.720,0.740,,,,
,1628,NOT MATCH,0.420,0.710,,,,
,2785,MATCH,0.450,0.680,,,,
,704,NOT MATCH,0.540,0.780,,,,
,705,NOT MATCH,0.670,0.750,,,,
,706,NOT MATCH,0.680,0.670,,,,
,2213,NOT MATCH,0.440,0.680,,,,
,2582,NOT MATCH,0.450,0.720,,,,
,1477,NOT MATCH,0.410,0.810,,,,
,1390,MATCH,0.400,0.870,,,,
,1124,NOT MATCH,0.370,0.740,,,,
,2735,MATCH,0.450,0.830,,,,
,4148,NOT MATCH,0.670,0.640,,,,
,4149,NOT MATCH,0.690,0.510,,,,
,4150,NOT MATCH,0.710,0.640,,,,
,4151,NOT MATCH,0.710,0.650,,,,
,4152,NOT MATCH,0.710,0.510,,,,
,4153,NOT MATCH,0.710,0.530,,,,
,4154,NOT MATCH,0.710,0.530,,,,
,4155,NOT MATCH,0.720,0.680,,,,
,4273,NOT MATCH,0.870,0.590,,,,
,4274,NOT MATCH,0.870,0.540,,,,
,4275,NOT MATCH,0.880,0.690,,,,
,4276,NOT MATCH,0.880,0.520,,,,
,4277,NOT MATCH,0.920,0.780,,,,
,4278,NOT MATCH,0.930,0.700,,,,
,4279,NOT MATCH,0.930,0.470,,,,
,4280,NOT MATCH,0.940,0.580,,,,
,2697,NOT MATCH,0.450,0.850,,,,
,1340,MATCH,0.400,0.780,,,,
,1893,NOT MATCH,0.430,0.650,,,,
,3957,NOT MATCH,0.640,0.550,,,,
,3958,NOT MATCH,0.660,0.790,,,,
,3959,NOT MATCH,0.720,0.740,,,,
,3960,NOT MATCH,0.760,0.540,,,,
,3961,NOT MATCH,0.770,0.600,,,,
,3962,NOT MATCH,0.770,0.580,,,,
,3963,NOT MATCH,0.770,0.590,,,,
,3964,NOT MATCH,0.770,0.610,,,,
,180,MATCH,0.210,0.880,,,,
,3658,NOT MATCH,0.740,0.760,,,,
,3659,NOT MATCH,0.740,0.660,,,,
,3660,NOT MATCH,0.760,0.670,,,,
,3661,NOT MATCH,0.760,0.710,,,,
,3662,NOT MATCH,0.770,0.600,,,,
,3663,NOT MATCH,0.770,0.630,,,,
,3664,NOT MATCH,0.790,0.790,,,,
,3665,NOT MATCH,0.790,0.580,,,,
,1272,NOT MATCH,0.390,0.770,,,,
,916,MATCH,0.330,0.900,,,,
,2438,NOT MATCH,0.440,0.670,,,,
,2868,NOT MATCH,0.450,0.800,,,,
,1074,NOT MATCH,0.360,0.860,,,,
,2654,NOT MATCH,0.450,0.740,,,,
,1939,MATCH,0.430,0.690,,,,
,881,MATCH,0.320,0.900,,,,
,2439,NOT MATCH,0.440,0.760,,,,
,2548,NOT MATCH,0.450,0.760,,,,
,1202,MATCH,0.380,0.850,,,,
,2179,MATCH,0.440,0.730,,,,
,2904,NOT MATCH,0.640,0.840,,,,
,2905,NOT MATCH,0.650,0.730,,,,
,2906,NOT MATCH,0.660,0.690,,,,
,2907,NOT MATCH,0.670,0.720,,,,
,2908,NOT MATCH,0.690,0.820,,,,
,2909,NOT MATCH,0.710,0.790,,,,
,2910,NOT MATCH,0.720,0.410,,,,
,2911,NOT MATCH,0.720,0.630,,,,
,1014,MATCH,0.350,0.810,,,,
,3722,NOT MATCH,0.600,0.590,,,,
,3723,NOT MATCH,0.670,0.660,,,,
,3724,NOT MATCH,0.670,0.670,,,,
,3725,NOT MATCH,0.680,0.580,,,,
,3726,NOT MATCH,0.690,0.700,,,,
,3727,NOT MATCH,0.690,0.770,,,,
,3728,NOT MATCH,0.690,0.670,,,,
,3729,NOT MATCH,0.700,0.500,,,,
,485,MATCH,0.260,0.860,,,,
,707,NOT MATCH,0.580,0.660,,,,
,708,NOT MATCH,0.600,0.710,,,,
,709,NOT MATCH,0.610,0.630,,,,
,2264,MATCH,0.440,0.740,,,,
,1177,NOT MATCH,0.380,0.790,,,,
,2616,NOT MATCH,0.450,0.850,,,,
,1606,NOT MATCH,0.420,0.740,,,,
,510,MATCH,0.290,0.790,,,,
,4108,NOT MATCH,0.690,0.780,,,,
,4109,NOT MATCH,0.700,0.680,,,,
,4110,NOT MATCH,0.720,0.670,,,,
,4111,NOT MATCH,0.740,0.750,,,,
,4112,NOT MATCH,0.740,0.800,,,,
,4113,NOT MATCH,0.750,0.600,,,,
,4114,NOT MATCH,0.750,0.730,,,,
,4115,NOT MATCH,0.750,0.620,,,,
,4050,NOT MATCH,0.880,0.650,,,,
,4051,NOT MATCH,0.930,0.560,,,,
,4052,NOT MATCH,0.930,0.490,,,,
,4053,NOT MATCH,0.960,0.610,,,,
,4054,NOT MATCH,0.980,0.480,,,,
,4055,NOT MATCH,0.980,0.710,,,,
,4056,NOT MATCH,0.980,0.380,,,,
,4057,NOT MATCH,0.990,0.540,,,,
,3122,NOT MATCH,0.890,0.540,,,,
,3123,NOT MATCH,0.940,0.540,,,,
,3124,NOT MATCH,0.950,0.530,,,,
,3125,NOT MATCH,0.970,0.720,,,,
,3126,NOT MATCH,1.000,0.590,,,,
,3127,NOT MATCH,1.010,0.480,,,,
,3128,NOT MATCH,1.020,0.540,,,,
,3129,NOT MATCH,1.030,0.680,,,,
,2257,NOT MATCH,0.440,0.620,,,,
,1886,MATCH,0.430,0.730,,,,
,1849,NOT MATCH,0.430,0.770,,,,
,452,MATCH,0.270,0.900,,,,
,14,MATCH,0.240,0.870,,,,
,710,NOT MATCH,0.680,0.740,,,,
,711,NOT MATCH,0.680,0.710,,,,
,3588,NOT MATCH,0.690,0.630,,,,
,3589,NOT MATCH,0.690,0.540,,,,
,3590,NOT MATCH,0.700,0.710,,,,
,3591,NOT MATCH,0.700,0.660,,,,
,3592,NOT MATCH,0.700,0.720,,,,
,2266,NOT MATCH,0.440,0.670,,,,
,1360,NOT MATCH,0.400,0.750,,,,
,1385,NOT MATCH,0.400,0.810,,,,
,2132,MATCH,0.440,0.810,,,,
,1801,NOT MATCH,0.430,0.730,,,,
,362,MATCH,0.270,0.850,,,,
,712,NOT MATCH,0.490,0.720,,,,
,713,NOT MATCH,0.540,0.710,,,,
,714,NOT MATCH,0.570,0.620,,,,
,715,NOT MATCH,0.580,0.670,,,,
,716,NOT MATCH,0.580,0.770,,,,
,717,NOT MATCH,0.590,0.740,,,,
,718,NOT MATCH,0.590,0.750,,,,
,719,NOT MATCH,0.600,0.710,,,,
,2986,NOT MATCH,0.600,0.600,,,,
,2987,NOT MATCH,0.670,0.590,,,,
,2988,NOT MATCH,0.680,0.660,,,,
,2989,NOT MATCH,0.720,0.620,,,,
,2990,NOT MATCH,0.750,0.530,,,,
,2991,NOT MATCH,0.760,0.450,,,,
,2992,NOT MATCH,0.780,0.520,,,,
,2993,NOT MATCH,0.780,0.670,,,,
,2514,NOT MATCH,0.440,0.810,,,,
,831,NOT MATCH,0.310,0.780,,,,
,990,MATCH,0.340,0.870,,,,
,3074,NOT MATCH,0.750,0.860,,,,
,3075,NOT MATCH,0.860,0.820,,,,
,3076,NOT MATCH,0.870,0.750,,,,
,3077,NOT MATCH,0.870,0.670,,,,
,3078,NOT MATCH,0.890,0.640,,,,
,3079,NOT MATCH,0.890,0.800,,,,
,3080,NOT MATCH,0.890,0.750,,,,
,3081,NOT MATCH,0.900,0.770,,,,
,1663,NOT MATCH,0.420,0.740,,,,
,2796,NOT MATCH,0.450,0.710,,,,
,3465,NOT MATCH,0.750,0.500,,,,
,3466,NOT MATCH,0.770,0.620,,,,
,3467,NOT MATCH,0.850,0.700,,,,
,3468,NOT MATCH,0.850,0.790,,,,
,3469,NOT MATCH,0.850,0.680,,,,
,3470,NOT MATCH,0.860,0.750,,,,
,3471,NOT MATCH,0.860,0.710,,,,
,3472,NOT MATCH,0.860,0.630,,,,
,2322,MATCH,0.440,0.540,,,,
,3334,NOT MATCH,0.650,0.700,,,,
,3335,NOT MATCH,0.650,0.670,,,,
,3336,NOT MATCH,0.660,0.690,,,,
,3337,NOT MATCH,0.660,0.820,,,,
,3338,NOT MATCH,0.660,0.760,,,,
,3339,NOT MATCH,0.670,0.750,,,,
,3340,NOT MATCH,0.690,0.820,,,,
,3341,NOT MATCH,0.700,0.640,,,,
,223,MATCH,0.220,0.720,,,,
,3804,NOT MATCH,0.930,0.430,,,,
,3805,NOT MATCH,0.950,0.380,,,,
,3806,NOT MATCH,0.950,0.470,,,,
,3807,NOT MATCH,0.950,0.490,,,,
,3808,NOT MATCH,0.960,0.550,,,,
,3809,NOT MATCH,0.970,0.610,,,,
,3810,NOT MATCH,0.970,0.550,,,,
,3811,NOT MATCH,0.980,0.450,,,,
,2557,NOT MATCH,0.450,0.650,,,,
,2803,NOT MATCH,0.450,0.710,,,,
,1901,NOT MATCH,0.430,0.830,,,,
,2262,NOT MATCH,0.440,0.790,,,,
,1391,NOT MATCH,0.400,0.810,,,,
,1946,NOT MATCH,0.430,0.660,,,,
,720,NOT MATCH,0.590,0.660,,,,
,721,NOT MATCH,0.620,0.710,,,,
,722,NOT MATCH,0.630,0.700,,,,
,3812,NOT MATCH,0.630,0.710,,,,
,3813,NOT MATCH,0.640,0.690,,,,
,3814,NOT MATCH,0.650,0.630,,,,
,3815,NOT MATCH,0.650,0.600,,,,
,3816,NOT MATCH,0.650,0.630,,,,
,2194,MATCH,0.440,0.760,,,,
,827,NOT MATCH,0.310,0.650,,,,
,2568,NOT MATCH,0.450,0.740,,,,
,2312,NOT MATCH,0.440,0.900,,,,
,4116,NOT MATCH,0.710,0.630,,,,
,4117,NOT MATCH,0.730,0.700,,,,
,4118,NOT MATCH,0.730,0.570,,,,
,4119,NOT MATCH,0.750,0.730,,,,
,4120,NOT MATCH,0.760,0.710,,,,
,4121,NOT MATCH,0.760,0.750,,,,
,4122,NOT MATCH,0.770,0.650,,,,
,4123,NOT MATCH,0.780,0.630,,,,
,2492,NOT MATCH,0.440,0.800,,,,
,1103,NOT MATCH,0.360,0.620,,,,
,1352,NOT MATCH,0.400,0.840,,,,
,1627,NOT MATCH,0.420,0.770,,,,
,2161,NOT MATCH,0.440,0.620,,,,
,2840,NOT MATCH,0.450,0.680,,,,
,2834,NOT MATCH,0.450,0.580,,,,
,431,MATCH,0.270,0.710,,,,
,723,MATCH,0.490,0.660,,,,
,724,NOT MATCH,0.640,0.620,,,,
,725,NOT MATCH,0.650,0.650,,,,
,2120,NOT MATCH,0.430,0.810,,,,
,1783,NOT MATCH,0.420,0.660,,,,
,446,MATCH,0.220,0.920,,,,
,4368,NOT MATCH,0.700,0.440,,,,
,4369,NOT MATCH,0.740,0.710,,,,
,4370,NOT MATCH,0.750,0.450,,,,
,4371,NOT MATCH,0.750,0.610,,,,
,4372,NOT MATCH,0.770,0.610,,,,
,4373,NOT MATCH,0.770,0.500,,,,
,4374,NOT MATCH,0.770,0.520,,,,
,4375,NOT MATCH,0.800,0.400,,,,
,1753,NOT MATCH,0.420,0.780,,,,
,726,NOT MATCH,0.570,0.690,,,,
,727,NOT MATCH,0.610,0.760,,,,
,728,NOT MATCH,0.630,0.690,,,,
,2949,NOT MATCH,0.630,0.600,,,,
,2950,NOT MATCH,0.640,0.710,,,,
,2951,NOT MATCH,0.640,0.760,,,,
,2952,NOT MATCH,0.640,0.580,,,,
,2953,NOT MATCH,0.650,0.820,,,,
,2693,NOT MATCH,0.450,0.570,,,,
,59,MATCH,0.230,0.790,,,,
,2994,NOT MATCH,0.770,0.630,,,,
,2995,NOT MATCH,0.770,0.620,,,,
,2996,NOT MATCH,0.780,0.670,,,,
,2997,NOT MATCH,0.790,0.770,,,,
,2998,NOT MATCH,0.800,0.680,,,,
,2999,NOT MATCH,0.800,0.620,,,,
,3000,NOT MATCH,0.810,0.640,,,,
,3001,NOT MATCH,0.820,0.710,,,,
,249,MATCH,0.300,0.770,,,,
,1790,NOT MATCH,0.420,0.770,,,,
,21,MATCH,0.280,0.870,,,,
,729,NOT MATCH,0.750,0.720,,,,
,730,NOT MATCH,0.780,0.630,,,,
,3873,NOT MATCH,0.800,0.660,,,,
,3874,NOT MATCH,0.800,0.640,,,,
,3875,NOT MATCH,0.810,0.440,,,,
,3876,NOT MATCH,0.820,0.540,,,,
,3877,NOT MATCH,0.830,0.680,,,,
,3931,NOT MATCH,0.690,0.560,,,,
,3932,NOT MATCH,0.770,0.530,,,,
,3933,NOT MATCH,0.770,0.520,,,,
,3934,NOT MATCH,0.800,0.740,,,,
,3935,NOT MATCH,0.800,0.550,,,,
,3936,NOT MATCH,0.810,0.620,,,,
,3937,NOT MATCH,0.810,0.780,,,,
,3938,NOT MATCH,0.820,0.550,,,,
,825,MATCH,0.310,0.850,,,,
,100,MATCH,0.220,0.850,,,,
,3245,NOT MATCH,0.620,0.590,,,,
,3246,NOT MATCH,0.620,0.830,,,,
,3247,NOT MATCH,0.640,0.640,,,,
,3248,NOT MATCH,0.640,0.810,,,,
,3249,NOT MATCH,0.650,0.720,,,,
,3250,NOT MATCH,0.660,0.610,,,,
,3251,NOT MATCH,0.660,0.800,,,,
,3252,NOT MATCH,0.670,0.720,,,,
,240,MATCH,0.300,0.820,,,,
,3903,NOT MATCH,0.660,0.730,,,,
,3904,NOT MATCH,0.670,0.710,,,,
,3905,NOT MATCH,0.680,0.660,,,,
,3906,NOT MATCH,0.690,0.530,,,,
,3907,NOT MATCH,0.690,0.610,,,,
,3908,NOT MATCH,0.690,0.740,,,,
,3909,NOT MATCH,0.700,0.720,,,,
,2533,NOT MATCH,0.440,0.690,,,,
,2339,NOT MATCH,0.440,0.800,,,,
,731,NOT MATCH,0.590,0.640,,,,
,732,NOT MATCH,0.650,0.730,,,,
,733,NOT MATCH,0.650,0.620,,,,
,2688,NOT MATCH,0.450,0.720,,,,
,2634,NOT MATCH,0.450,0.550,,,,
,2732,NOT MATCH,0.450,0.790,,,,
,3237,NOT MATCH,0.900,0.670,,,,
,3238,NOT MATCH,0.930,0.530,,,,
,3239,NOT MATCH,0.930,0.310,,,,
,3240,NOT MATCH,0.940,0.520,,,,
,3241,NOT MATCH,0.940,0.710,,,,
,3242,NOT MATCH,0.940,0.610,,,,
,3243,NOT MATCH,0.950,0.730,,,,
,3244,NOT MATCH,0.950,0.600,,,,
,2871,NOT MATCH,0.450,0.850,,,,
,734,NOT MATCH,0.510,0.560,,,,
,735,NOT MATCH,0.610,0.580,,,,
,736,NOT MATCH,0.610,0.750,,,,
,2588,NOT MATCH,0.450,0.550,,,,
,2370,NOT MATCH,0.440,0.800,,,,
,2760,MATCH,0.450,0.760,,,,
,927,MATCH,0.330,0.760,,,,
,2066,NOT MATCH,0.430,0.740,,,,
,2008,MATCH,0.430,0.870,,,,
,861,MATCH,0.320,0.800,,,,
,3082,NOT MATCH,0.680,0.710,,,,
,3083,NOT MATCH,0.680,0.710,,,,
,3084,NOT MATCH,0.700,0.650,,,,
,3085,NOT MATCH,0.710,0.670,,,,
,3086,NOT MATCH,0.720,0.550,,,,
,3087,NOT MATCH,0.740,0.790,,,,
,3088,NOT MATCH,0.740,0.630,,,,
,3089,NOT MATCH,0.740,0.780,,,,
,951,MATCH,0.340,0.760,,,,
,1223,MATCH,0.380,0.790,,,,
,2777,NOT MATCH,0.450,0.740,,,,
,1131,MATCH,0.370,0.800,,,,
,2707,NOT MATCH,0.450,0.600,,,,
,1403,MATCH,0.400,0.850,,,,
,1359,MATCH,0.400,0.860,,,,
,3606,NOT MATCH,0.770,0.720,,,,
,3607,NOT MATCH,0.800,0.710,,,,
,3608,NOT MATCH,0.840,0.720,,,,
,3609,NOT MATCH,0.840,0.700,,,,
,3610,NOT MATCH,0.850,0.700,,,,
,3611,NOT MATCH,0.850,0.700,,,,
,3612,NOT MATCH,0.860,0.710,,,,
,3613,NOT MATCH,0.880,0.680,,,,
,1236,NOT MATCH,0.390,0.790,,,,
,1904,NOT MATCH,0.430,0.600,,,,
,1945,NOT MATCH,0.430,0.740,,,,
,2766,NOT MATCH,0.450,0.740,,,,
,440,MATCH,0.290,0.720,,,,
,2346,NOT MATCH,0.440,0.690,,,,
,737,NOT MATCH,0.640,0.750,,,,
,738,NOT MATCH,0.680,0.670,,,,
,2702,NOT MATCH,0.450,0.720,,,,
,2470,MATCH,0.440,0.680,,,,
,2348,NOT MATCH,0.440,0.680,,,,
,1317,NOT MATCH,0.400,0.740,,,,
,3303,NOT MATCH,0.730,0.670,,,,
,3304,NOT MATCH,0.730,0.720,,,,
,3305,NOT MATCH,0.730,0.770,,,,
,3306,NOT MATCH,0.730,0.710,,,,
,3307,NOT MATCH,0.730,0.660,,,,
,3308,NOT MATCH,0.730,0.780,,,,
,3309,NOT MATCH,0.740,0.820,,,,
,3310,NOT MATCH,0.750,0.660,,,,
,4034,NOT MATCH,0.670,0.530,,,,
,4035,NOT MATCH,0.690,0.710,,,,
,4036,NOT MATCH,0.690,0.580,,,,
,4037,NOT MATCH,0.710,0.640,,,,
,4038,NOT MATCH,0.720,0.670,,,,
,4039,NOT MATCH,0.720,0.700,,,,
,4040,NOT MATCH,0.730,0.590,,,,
,4041,NOT MATCH,0.740,0.550,,,,
,1756,NOT MATCH,0.420,0.510,,,,
,865,MATCH,0.320,0.890,,,,
,3878,NOT MATCH,0.640,0.750,,,,
,3879,NOT MATCH,0.660,0.750,,,,
,3880,NOT MATCH,0.670,0.690,,,,
,3881,NOT MATCH,0.670,0.600,,,,
,3882,NOT MATCH,0.700,0.650,,,,
,3883,NOT MATCH,0.710,0.720,,,,
,3884,NOT MATCH,0.710,0.740,,,,
,3885,NOT MATCH,0.720,0.660,,,,
,2425,NOT MATCH,0.440,0.790,,,,
,739,NOT MATCH,0.530,0.700,,,,
,740,NOT MATCH,0.570,0.750,,,,
,741,NOT MATCH,0.570,0.740,,,,
,742,NOT MATCH,0.570,0.710,,,,
,743,NOT MATCH,0.580,0.750,,,,
,744,NOT MATCH,0.580,0.730,,,,
,745,NOT MATCH,0.580,0.680,,,,
,746,NOT MATCH,0.590,0.700,,,,
,1484,NOT MATCH,0.410,0.840,,,,
,1376,MATCH,0.400,0.810,,,,
,342,MATCH,0.250,0.890,,,,
,3042,NOT MATCH,0.700,0.640,,,,
,3043,NOT MATCH,0.700,0.550,,,,
,3044,NOT MATCH,0.730,0.620,,,,
,3045,NOT MATCH,0.730,0.710,,,,
,3046,NOT MATCH,0.730,0.700,,,,
,3047,NOT MATCH,0.730,0.660,,,,
,3048,NOT MATCH,0.740,0.540,,,,
,3049,NOT MATCH,0.750,0.480,,,,
,1349,MATCH,0.400,0.670,,,,
,178,MATCH,0.250,0.890,,,,
,747,MATCH,0.400,0.710,,,,
,748,NOT MATCH,0.940,0.680,,,,
,749,NOT MATCH,0.970,0.750,,,,
,96,MATCH,0.200,0.850,,,,
,3213,NOT MATCH,0.590,0.700,,,,
,3214,NOT MATCH,0.600,0.690,,,,
,3215,NOT MATCH,0.610,0.690,,,,
,3216,NOT MATCH,0.620,0.720,,,,
,3217,NOT MATCH,0.620,0.560,,,,
,3218,NOT MATCH,0.630,0.590,,,,
,3219,NOT MATCH,0.660,0.620,,,,
,3220,NOT MATCH,0.670,0.620,,,,
,750,MATCH,0.360,0.860,,,,
,751,NOT MATCH,0.690,0.590,,,,
,752,NOT MATCH,0.720,0.650,,,,
,4281,NOT MATCH,0.760,0.740,,,,
,4282,NOT MATCH,0.770,0.580,,,,
,4283,NOT MATCH,0.770,0.670,,,,
,4284,NOT MATCH,0.770,0.760,,,,
,4285,NOT MATCH,0.770,0.570,,,,
,1137,MATCH,0.370,0.760,,,,
,1130,MATCH,0.370,0.830,,,,
,1962,NOT MATCH,0.430,0.740,,,,
,753,NOT MATCH,0.590,0.850,,,,
,754,NOT MATCH,0.660,0.740,,,,
,755,NOT MATCH,0.710,0.780,,,,
,3939,NOT MATCH,0.720,0.700,,,,
,3940,NOT MATCH,0.730,0.740,,,,
,3941,NOT MATCH,0.740,0.780,,,,
,3942,NOT MATCH,0.740,0.790,,,,
,3943,NOT MATCH,0.740,0.740,,,,
,2853,NOT MATCH,0.450,0.700,,,,
,2619,NOT MATCH,0.450,0.500,,,,
,3034,NOT MATCH,0.620,0.760,,,,
,3035,NOT MATCH,0.650,0.820,,,,
,3036,NOT MATCH,0.650,0.580,,,,
,3037,NOT MATCH,0.660,0.690,,,,
,3038,NOT MATCH,0.660,0.780,,,,
,3039,NOT MATCH,0.670,0.790,,,,
,3040,NOT MATCH,0.680,0.720,,,,
,3041,NOT MATCH,0.680,0.730,,,,
,1516,NOT MATCH,0.410,0.780,,,,
,1860,NOT MATCH,0.430,0.820,,,,
,3026,NOT MATCH,0.760,0.570,,,,
,3027,NOT MATCH,0.780,0.570,,,,
,3028,NOT MATCH,0.860,0.450,,,,
,3029,NOT MATCH,0.860,0.590,,,,
,3030,NOT MATCH,0.870,0.650,,,,
,3031,NOT MATCH,0.870,0.590,,,,
,3032,NOT MATCH,0.880,0.650,,,,
,3033,NOT MATCH,0.880,0.530,,,,
,756,NOT MATCH,0.550,0.680,,,,
,757,NOT MATCH,0.560,0.770,,,,
,758,NOT MATCH,0.570,0.700,,,,
,759,NOT MATCH,0.600,0.730,,,,
,760,NOT MATCH,0.620,0.690,,,,
,3623,NOT MATCH,0.620,0.750,,,,
,3624,NOT MATCH,0.630,0.740,,,,
,3625,NOT MATCH,0.640,0.770,,,,
,2708,NOT MATCH,0.450,0.750,,,,
,2056,MATCH,0.430,0.630,,,,
,2483,NOT MATCH,0.440,0.670,,,,
,2718,NOT MATCH,0.450,0.620,,,,
,2521,NOT MATCH,0.440,0.800,,,,
,3546,NOT MATCH,0.670,0.780,,,,
,3547,NOT MATCH,0.680,0.650,,,,
,3548,NOT MATCH,0.680,0.600,,,,
,3549,NOT MATCH,0.690,0.700,,,,
,3550,NOT MATCH,0.690,0.720,,,,
,3551,NOT MATCH,0.690,0.730,,,,
,3552,NOT MATCH,0.700,0.690,,,,
,3553,NOT MATCH,0.700,0.740,,,,
,1786,NOT MATCH,0.420,0.810,,,,
,2168,NOT MATCH,0.440,0.770,,,,
,1586,NOT MATCH,0.410,0.810,,,,
,1249,MATCH,0.390,0.830,,,,
,761,NOT MATCH,0.570,0.780,,,,
,762,NOT MATCH,0.610,0.740,,,,
,763,NOT MATCH,0.620,0.830,,,,
,3285,NOT MATCH,0.620,0.730,,,,
,3286,NOT MATCH,0.620,0.720,,,,
,3287,NOT MATCH,0.630,0.630,,,,
,3288,NOT MATCH,0.640,0.720,,,,
,3289,NOT MATCH,0.640,0.740,,,,
,764,MATCH,0.410,0.830,,,,
,765,NOT MATCH,0.960,0.720,,,,
,766,NOT MATCH,0.990,0.710,,,,
,3090,NOT MATCH,0.650,0.740,,,,
,3091,NOT MATCH,0.660,0.690,,,,
,3092,NOT MATCH,0.700,0.730,,,,
,3093,NOT MATCH,0.710,0.800,,,,
,3094,NOT MATCH,0.740,0.640,,,,
,3095,NOT MATCH,0.750,0.680,,,,
,3096,NOT MATCH,0.750,0.640,,,,
,3097,NOT MATCH,0.760,0.570,,,,
,3886,NOT MATCH,0.890,0.680,,,,
,3887,NOT MATCH,0.910,0.630,,,,
,3888,NOT MATCH,0.910,0.690,,,,
,3889,NOT MATCH,0.930,0.680,,,,
,3890,NOT MATCH,0.930,0.700,,,,
,3891,NOT MATCH,0.950,0.580,,,,
,3892,NOT MATCH,0.960,0.620,,,,
,3893,NOT MATCH,0.960,0.790,,,,
,1795,NOT MATCH,0.430,0.780,,,,
,1890,NOT MATCH,0.430,0.710,,,,
,767,MATCH,0.570,0.660,,,,
,768,NOT MATCH,0.610,0.690,,,,
,769,NOT MATCH,0.620,0.710,,,,
,4164,NOT MATCH,0.630,0.640,,,,
,4165,NOT MATCH,0.640,0.580,,,,
,4166,NOT MATCH,0.650,0.660,,,,
,4167,NOT MATCH,0.650,0.720,,,,
,4168,NOT MATCH,0.660,0.620,,,,
,2793,NOT MATCH,0.450,0.630,,,,
,1896,MATCH,0.430,0.830,,,,
,3449,NOT MATCH,0.770,0.620,,,,
,3450,NOT MATCH,0.810,0.540,,,,
,3451,NOT MATCH,0.840,0.530,,,,
,3452,NOT MATCH,0.850,0.620,,,,
,3453,NOT MATCH,0.870,0.410,,,,
,3454,NOT MATCH,0.870,0.570,,,,
,3455,NOT MATCH,0.880,0.710,,,,
,3456,NOT MATCH,0.880,0.550,,,,
,1601,NOT MATCH,0.420,0.740,,,,
,2332,NOT MATCH,0.440,0.800,,,,
,1291,MATCH,0.390,0.660,,,,
,3754,NOT MATCH,0.730,0.580,,,,
,3755,NOT MATCH,0.750,0.730,,,,
,3756,NOT MATCH,0.750,0.730,,,,
,3757,NOT MATCH,0.760,0.580,,,,
,3759,NOT MATCH,0.760,0.730,,,,
,3760,NOT MATCH,0.770,0.730,,,,
,3761,NOT MATCH,0.770,0.630,,,,
,3666,NOT MATCH,0.850,0.670,,,,
,3667,NOT MATCH,0.860,0.590,,,,
,3668,NOT MATCH,0.870,0.700,,,,
,3669,NOT MATCH,0.890,0.650,,,,
,3670,NOT MATCH,0.890,0.460,,,,
,3671,NOT MATCH,0.900,0.630,,,,
,3672,NOT MATCH,0.900,0.450,,,,
,3673,NOT MATCH,0.910,0.570,,,,
,1133,MATCH,0.370,0.860,,,,
,1990,MATCH,0.430,0.800,,,,
,2113,MATCH,0.430,0.790,,,,
,930,NOT MATCH,0.330,0.850,,,,
,981,MATCH,0.340,0.810,,,,
,3978,NOT MATCH,0.800,0.720,,,,
,3979,NOT MATCH,0.860,0.620,,,,
,3980,NOT MATCH,0.870,0.540,,,,
,3981,NOT MATCH,0.880,0.610,,,,
,3982,NOT MATCH,0.900,0.690,,,,
,3983,NOT MATCH,0.900,0.450,,,,
,3984,NOT MATCH,0.930,0.170,,,,
,3985,NOT MATCH,0.930,0.640,,,,
,2096,NOT MATCH,0.430,0.720,,,,
,770,NOT MATCH,0.540,0.820,,,,
,771,NOT MATCH,0.610,0.760,,,,
,772,NOT MATCH,0.620,0.710,,,,
,2912,NOT MATCH,0.620,0.700,,,,
,2913,NOT MATCH,0.630,0.720,,,,
,2914,NOT MATCH,0.630,0.710,,,,
,2915,NOT MATCH,0.640,0.780,,,,
,2916,NOT MATCH,0.640,0.860,,,,
,2112,NOT MATCH,0.430,0.780,,,,
,4222,NOT MATCH,0.670,0.500,,,,
,4223,NOT MATCH,0.670,0.570,,,,
,4224,NOT MATCH,0.670,0.520,,,,
,4225,NOT MATCH,0.680,0.600,,,,
,4226,NOT MATCH,0.680,0.600,,,,
,4227,NOT MATCH,0.680,0.530,,,,
,4228,NOT MATCH,0.690,0.580,,,,
,4229,NOT MATCH,0.690,0.600,,,,
,2415,NOT MATCH,0.440,0.800,,,,
,3746,NOT MATCH,0.740,0.590,,,,
,3747,NOT MATCH,0.760,0.700,,,,
,3748,NOT MATCH,0.760,0.730,,,,
,3749,NOT MATCH,0.770,0.580,,,,
,3750,NOT MATCH,0.800,0.620,,,,
,3751,NOT MATCH,0.810,0.740,,,,
,3752,NOT MATCH,0.830,0.540,,,,
,3753,NOT MATCH,0.830,0.540,,,,
,3058,NOT MATCH,0.770,0.660,,,,
,3059,NOT MATCH,0.780,0.600,,,,
,3060,NOT MATCH,0.780,0.590,,,,
,3061,NOT MATCH,0.820,0.600,,,,
,3062,NOT MATCH,0.820,0.660,,,,
,3063,NOT MATCH,0.840,0.680,,,,
,3064,NOT MATCH,0.860,0.610,,,,
,3065,NOT MATCH,0.860,0.640,,,,
,1614,NOT MATCH,0.420,0.750,,,,
,2630,NOT MATCH,0.450,0.740,,,,
,3066,NOT MATCH,0.820,0.640,,,,
,3067,NOT MATCH,0.840,0.790,,,,
,3068,NOT MATCH,0.840,0.610,,,,
,3069,NOT MATCH,0.840,0.660,,,,
,3070,NOT MATCH,0.860,0.540,,,,
,3071,NOT MATCH,0.860,0.550,,,,
,3072,NOT MATCH,0.860,0.590,,,,
,3073,NOT MATCH,0.860,0.710,,,,
,3570,NOT MATCH,0.660,0.810,,,,
,3571,NOT MATCH,0.680,0.720,,,,
,3572,NOT MATCH,0.740,0.670,,,,
,3573,NOT MATCH,0.740,0.540,,,,
,3574,NOT MATCH,0.740,0.660,,,,
,3575,NOT MATCH,0.750,0.680,,,,
,3576,NOT MATCH,0.760,0.610,,,,
,3577,NOT MATCH,0.770,0.640,,,,
,1017,MATCH,0.350,0.730,,,,
,1817,NOT MATCH,0.430,0.900,,,,
,773,NOT MATCH,0.540,0.700,,,,
,774,NOT MATCH,0.580,0.670,,,,
,775,NOT MATCH,0.610,0.710,,,,
,776,NOT MATCH,0.620,0.730,,,,
,3915,NOT MATCH,0.910,0.560,,,,
,3916,NOT MATCH,0.950,0.580,,,,
,3917,NOT MATCH,0.960,0.440,,,,
,3918,NOT MATCH,0.970,0.370,,,,
,3919,NOT MATCH,0.970,0.600,,,,
,3920,NOT MATCH,0.990,0.620,,,,
,3921,NOT MATCH,0.990,0.600,,,,
,3922,NOT MATCH,0.990,0.490,,,,
,777,NOT MATCH,0.600,0.690,,,,
,778,NOT MATCH,0.660,0.740,,,,
,1620,MATCH,0.420,0.850,,,,
,779,NOT MATCH,0.560,0.650,,,,
,780,NOT MATCH,0.570,0.490,,,,
,781,NOT MATCH,0.580,0.500,,,,
,782,NOT MATCH,0.630,0.590,,,,
,783,NOT MATCH,0.630,0.610,,,,
,4257,NOT MATCH,0.640,0.530,,,,
,4258,NOT MATCH,0.640,0.750,,,,
,4259,NOT MATCH,0.640,0.610,,,,
,2400,NOT MATCH,0.440,0.810,,,,
,3791,NOT MATCH,0.840,0.620,,,,
,3792,NOT MATCH,0.860,0.760,,,,
,3793,NOT MATCH,0.890,0.620,,,,
,3794,NOT MATCH,0.900,0.690,,,,
,3795,NOT MATCH,0.910,0.650,,,,
,3796,NOT MATCH,0.920,0.540,,,,
,3797,NOT MATCH,0.920,0.650,,,,
,3798,NOT MATCH,0.930,0.690,,,,
,3578,NOT MATCH,0.900,0.460,,,,
,3579,NOT MATCH,0.920,0.550,,,,
,3580,NOT MATCH,0.930,0.180,,,,
,3581,NOT MATCH,0.970,0.500,,,,
,3582,NOT MATCH,0.980,0.620,,,,
,3583,NOT MATCH,0.990,0.560,,,,
,3584,NOT MATCH,1.000,0.570,,,,
,3585,NOT MATCH,1.000,0.450,,,,
,3593,NOT MATCH,0.690,0.560,,,,
,3594,NOT MATCH,0.700,0.520,,,,
,3595,NOT MATCH,0.720,0.500,,,,
,3596,NOT MATCH,0.720,0.750,,,,
,3597,NOT MATCH,0.720,0.630,,,,
,3598,NOT MATCH,0.730,0.620,,,,
,3599,NOT MATCH,0.730,0.730,,,,
,3600,NOT MATCH,0.730,0.530,,,,
,3489,NOT MATCH,0.750,0.730,,,,
,3490,NOT MATCH,0.770,0.730,,,,
,3491,NOT MATCH,0.770,0.630,,,,
,3492,NOT MATCH,0.780,0.680,,,,
,3493,NOT MATCH,0.780,0.550,,,,
,3494,NOT MATCH,0.800,0.750,,,,
,3495,NOT MATCH,0.800,0.700,,,,
,3496,NOT MATCH,0.810,0.640,,,,
,784,NOT MATCH,0.530,0.590,,,,
,785,NOT MATCH,0.590,0.750,,,,
,786,NOT MATCH,0.600,0.760,,,,
,4169,NOT MATCH,0.620,0.690,,,,
,4170,NOT MATCH,0.630,0.780,,,,
,4171,NOT MATCH,0.630,0.750,,,,
,4172,NOT MATCH,0.640,0.680,,,,
,4173,NOT MATCH,0.650,0.690,,,,
,4174,NOT MATCH,0.650,0.690,,,,
,4175,NOT MATCH,0.660,0.690,,,,
,4176,NOT MATCH,0.660,0.650,,,,
,4413,NOT MATCH,0.780,0.590,,,,
,4414,NOT MATCH,0.790,0.690,,,,
,4415,NOT MATCH,0.820,0.600,,,,
,4416,NOT MATCH,0.830,0.620,,,,
,4417,NOT MATCH,0.840,0.610,,,,
,4418,NOT MATCH,0.850,0.630,,,,
,4419,NOT MATCH,0.850,0.520,,,,
,4420,NOT MATCH,0.850,0.680,,,,
,3481,NOT MATCH,0.600,0.680,,,,
,3482,NOT MATCH,0.610,0.630,,,,
,3483,NOT MATCH,0.610,0.670,,,,
,3484,NOT MATCH,0.620,0.530,,,,
,3485,NOT MATCH,0.630,0.550,,,,
,3486,NOT MATCH,0.640,0.750,,,,
,3487,NOT MATCH,0.650,0.780,,,,
,3488,NOT MATCH,0.660,0.700,,,,
,2080,NOT MATCH,0.430,0.750,,,,
,2543,MATCH,0.440,0.720,,,,
,787,NOT MATCH,0.800,0.560,,,,
,788,NOT MATCH,0.820,0.450,,,,
,3162,NOT MATCH,0.830,0.490,,,,
,3163,NOT MATCH,0.840,0.610,,,,
,3164,NOT MATCH,0.850,0.700,,,,
,3165,NOT MATCH,0.850,0.530,,,,
,3166,NOT MATCH,0.850,0.630,,,,
,4336,NOT MATCH,0.610,0.740,,,,
,4337,NOT MATCH,0.650,0.740,,,,
,4338,NOT MATCH,0.680,0.610,,,,
,4339,NOT MATCH,0.690,0.540,,,,
,4340,NOT MATCH,0.690,0.490,,,,
,4341,NOT MATCH,0.700,0.770,,,,
,4342,NOT MATCH,0.710,0.620,,,,
,4343,NOT MATCH,0.710,0.680,,,,
,789,NOT MATCH,0.510,0.740,,,,
,790,NOT MATCH,0.520,0.820,,,,
,791,NOT MATCH,0.520,0.770,,,,
,792,NOT MATCH,0.530,0.770,,,,
,793,NOT MATCH,0.530,0.730,,,,
,794,NOT MATCH,0.540,0.610,,,,
,795,NOT MATCH,0.540,0.830,,,,
,796,NOT MATCH,0.550,0.710,,,,
,2237,MATCH,0.440,0.750,,,,
,1688,NOT MATCH,0.420,0.770,,,,
,2039,NOT MATCH,0.430,0.690,,,,
,1472,NOT MATCH,0.410,0.910,,,,
,797,NOT MATCH,0.590,0.690,,,,
,798,NOT MATCH,0.610,0.750,,,,
,799,NOT MATCH,0.620,0.580,,,,
,3154,NOT MATCH,0.680,0.690,,,,
,3155,NOT MATCH,0.690,0.640,,,,
,3156,NOT MATCH,0.720,0.540,,,,
,3157,NOT MATCH,0.720,0.580,,,,
,3158,NOT MATCH,0.720,0.630,,,,
,3159,NOT MATCH,0.730,0.500,,,,
,3160,NOT MATCH,0.750,0.670,,,,
,3161,NOT MATCH,0.750,0.500,,,,
,4315,NOT MATCH,0.620,0.450,,,,
,4316,NOT MATCH,0.620,0.700,,,,
,4317,NOT MATCH,0.640,0.610,,,,
,4318,NOT MATCH,0.640,0.760,,,,
,4319,NOT MATCH,0.670,0.690,,,,
,4320,NOT MATCH,0.680,0.500,,,,
,4321,NOT MATCH,0.690,0.650,,,,
,4322,NOT MATCH,0.690,0.530,,,,
,3698,NOT MATCH,0.680,0.530,,,,
,3699,NOT MATCH,0.700,0.670,,,,
,3700,NOT MATCH,0.710,0.630,,,,
,3701,NOT MATCH,0.710,0.720,,,,
,3702,NOT MATCH,0.730,0.670,,,,
,3703,NOT MATCH,0.730,0.470,,,,
,3704,NOT MATCH,0.740,0.590,,,,
,3705,NOT MATCH,0.740,0.530,,,,
,4397,NOT MATCH,0.590,0.670,,,,
,4398,NOT MATCH,0.600,0.650,,,,
,4399,NOT MATCH,0.610,0.690,,,,
,4400,NOT MATCH,0.610,0.870,,,,
,4401,NOT MATCH,0.610,0.650,,,,
,4402,NOT MATCH,0.660,0.710,,,,
,4403,NOT MATCH,0.670,0.780,,,,
,4404,NOT MATCH,0.680,0.620,,,,
,800,MATCH,0.330,0.750,,,,
,801,NOT MATCH,0.520,0.750,,,,
,802,MATCH,0.590,0.660,,,,
,803,NOT MATCH,0.620,0.710,,,,
,4249,NOT MATCH,0.770,0.550,,,,
,4250,NOT MATCH,0.860,0.470,,,,
,4251,NOT MATCH,0.870,0.680,,,,
,4252,NOT MATCH,0.870,0.580,,,,
,4253,NOT MATCH,0.900,0.560,,,,
,4254,NOT MATCH,0.910,0.540,,,,
,4255,NOT MATCH,0.920,0.500,,,,
,4256,NOT MATCH,0.920,0.450,,,,
,857,MATCH,0.320,0.830,,,,
,3146,NOT MATCH,0.680,0.800,,,,
,3147,NOT MATCH,0.740,0.700,,,,
,3148,NOT MATCH,0.770,0.730,,,,
,3149,NOT MATCH,0.800,0.800,,,,
,3150,NOT MATCH,0.820,0.710,,,,
,3151,NOT MATCH,0.830,0.730,,,,
,3152,NOT MATCH,0.840,0.680,,,,
,3153,NOT MATCH,0.850,0.620,,,,
,3513,NOT MATCH,1.020,0.560,,,,
,3514,NOT MATCH,1.020,0.580,,,,
,3515,NOT MATCH,1.030,0.580,,,,
,3516,NOT MATCH,1.050,0.670,,,,
,3517,NOT MATCH,1.060,0.640,,,,
,3518,NOT MATCH,1.060,0.660,,,,
,3519,NOT MATCH,1.060,0.490,,,,
,3520,NOT MATCH,1.070,0.550,,,,
,804,NOT MATCH,0.730,0.730,,,,
,805,NOT MATCH,0.770,0.430,,,,
,3762,NOT MATCH,0.630,0.570,,,,
,3763,NOT MATCH,0.640,0.660,,,,
,3764,NOT MATCH,0.650,0.690,,,,
,3765,NOT MATCH,0.660,0.520,,,,
,3766,NOT MATCH,0.670,0.630,,,,
,3767,NOT MATCH,0.680,0.630,,,,
,3768,NOT MATCH,0.680,0.780,,,,
,3769,NOT MATCH,0.680,0.690,,,,
,3361,NOT MATCH,0.920,0.510,,,,
,3362,NOT MATCH,0.920,0.730,,,,
,3363,NOT MATCH,0.920,0.660,,,,
,3364,NOT MATCH,0.940,0.650,,,,
,3365,NOT MATCH,0.960,0.650,,,,
,3366,NOT MATCH,0.990,0.640,,,,
,3367,NOT MATCH,0.990,0.580,,,,
,3368,NOT MATCH,0.990,0.660,,,,
,806,MATCH,0.530,0.870,,,,
,807,MATCH,0.800,0.690,,,,
,808,NOT MATCH,0.820,0.660,,,,
,4074,NOT MATCH,0.820,0.650,,,,
,4075,NOT MATCH,0.830,0.660,,,,
,4076,NOT MATCH,0.830,0.690,,,,
,4077,NOT MATCH,0.830,0.650,,,,
,4078,NOT MATCH,0.840,0.780,,,,
,3738,NOT MATCH,0.610,0.740,,,,
,3739,NOT MATCH,0.620,0.700,,,,
,3740,NOT MATCH,0.620,0.670,,,,
,3741,NOT MATCH,0.640,0.840,,,,
,3742,NOT MATCH,0.650,0.710,,,,
,3743,NOT MATCH,0.660,0.790,,,,
,3744,NOT MATCH,0.660,0.500,,,,
,3745,NOT MATCH,0.670,0.560,,,,
,3970,NOT MATCH,0.920,0.620,,,,
,3971,NOT MATCH,0.980,0.600,,,,
,3972,NOT MATCH,1.010,0.560,,,,
,3973,NOT MATCH,1.010,0.560,,,,
,3974,NOT MATCH,1.030,0.510,,,,
,3975,NOT MATCH,1.030,0.470,,,,
,3976,NOT MATCH,1.030,0.540,,,,
,3977,NOT MATCH,1.030,0.670,,,,
,175,MATCH,0.197,0.890,,,,
,3647,NOT MATCH,0.810,0.770,,,,
,3648,NOT MATCH,0.820,0.710,,,,
,3649,NOT MATCH,0.840,0.820,,,,
,3650,NOT MATCH,0.840,0.680,,,,
,3651,NOT MATCH,0.840,0.640,,,,
,3652,NOT MATCH,0.840,0.550,,,,
,3653,NOT MATCH,0.860,0.570,,,,
,3654,NOT MATCH,0.870,0.650,,,,
,809,NOT MATCH,0.540,0.620,,,,
,810,NOT MATCH,0.600,0.680,,,,
,811,NOT MATCH,0.620,0.560,,,,
,3952,NOT MATCH,0.620,0.690,,,,
,3953,NOT MATCH,0.630,0.520,,,,
,3954,NOT MATCH,0.640,0.650,,,,
,3955,NOT MATCH,0.640,0.690,,,,
,3956,NOT MATCH,0.640,0.490,,,,
,812,NOT MATCH,0.560,0.580,,,,
,813,NOT MATCH,0.570,0.710,,,,
,814,NOT MATCH,0.590,0.690,,,,
,815,NOT MATCH,0.590,0.580,,,,
,816,NOT MATCH,0.600,0.500,,,,
,3358,NOT MATCH,0.600,0.680,,,,
,3359,NOT MATCH,0.600,0.650,,,,
,3360,NOT MATCH,0.600,0.750,,,,
,4360,NOT MATCH,0.600,0.650,,,,
,4361,NOT MATCH,0.630,0.770,,,,
,4362,NOT MATCH,0.630,0.590,,,,
,4363,NOT MATCH,0.640,0.710,,,,
,4364,NOT MATCH,0.670,0.770,,,,
,4365,NOT MATCH,0.690,0.770,,,,
,4366,NOT MATCH,0.690,0.620,,,,
,4367,NOT MATCH,0.690,0.690,,,,